<step title="BackgroundTrace" date="2025-07-05T09:54:07.514" instance="1e8efd" url="/api/publish" method="POST" >
  <step title="Cleanup Xml Logs" date="2025-07-05T09:54:07.519" >
    <step title="Cleanup Infos" date="2025-07-05T09:54:07.536" totalFiles="340" totalCleanup="180" /><!-- duration: 5ms -->
  </step><!-- duration: 26ms -->
  <step title="Creating temporary deployment - FetchDeploymentManager" date="2025-07-05T09:54:07.638" /><!-- duration: 5ms -->
  <step title="Creating temporary deployment" date="2025-07-05T09:54:07.655" /><!-- duration: 85ms -->
  <step title="Performing fetch based deployment" date="2025-07-05T09:54:07.813" >
    <step title="Cleaning up temp folders from previous zip deployments and extracting pushed zip file /tmp/zipdeploy/25327615-504d-451c-b440-814bd43947d0.zip (469.50 MB) to /tmp/zipdeploy/extracted" date="2025-07-05T09:54:09.027" >
      <step title="ChmodRecursive Process exited with total time taken in ms: 293" date="2025-07-05T09:55:15.545" /><!-- duration: 7ms -->
    </step><!-- duration: 66549ms -->
    <step title="Deployment timer started" date="2025-07-05T09:55:17.597" >
      <step title="DeploymentManager.Deploy(id:fb398f08-3c58-409b-a666-fce438853d19)" date="2025-07-05T09:55:17.626" >
        <step title="Collecting changeset information" date="2025-07-05T09:55:17.676" /><!-- duration: 136ms -->
        <step title="Updating submodules" date="2025-07-05T09:55:17.820" /><!-- duration: 1133ms -->
        <step title="Determining deployment builder" date="2025-07-05T09:55:19.171" >
          <step title="Builder is OneDeployBuilder" date="2025-07-05T09:55:19.212" /><!-- duration: 6ms -->
        </step><!-- duration: 52ms -->
        <step title="PreDeployment: context.CleanOutputPath False" date="2025-07-05T09:55:19.281" >
          <step title="PreDeployment: context.OutputPath /home/site/wwwroot" date="2025-07-05T09:55:19.452" >
            <step title="Building" date="2025-07-05T09:55:19.587" >
              <step title="Executing external process" date="2025-07-05T09:55:20.326" type="process" path="starter.sh" arguments="/opt/Kudu/Scripts/absoluteTar.sh /tmp/zipdeploy/extracted/node_modules /tmp/zipdeploy/extracted/node_modules.tar.gz" >
                <step title="Cpu: gzip(1292,43.340s)+sh(1291,0.000s)+tar(1290,1.780s)+absoluteTar.sh(1289,0.020s)=total(45.130s)" date="2025-07-05T09:56:21.388" /><!-- duration: 23ms -->
                <step title="starter.sh: no io activity for 60s, prev-cpu=-1.000s, current-cpu=45.130s" date="2025-07-05T09:56:21.439" /><!-- duration: 51ms -->
                <step title="Cpu: gzip(1292,72.450s)+sh(1291,0.000s)+tar(1290,3.500s)+absoluteTar.sh(1289,0.020s)=total(75.970s)" date="2025-07-05T09:57:22.192" /><!-- duration: 92ms -->
                <step title="starter.sh: no io activity for 122s, prev-cpu=45.130s, current-cpu=75.970s" date="2025-07-05T09:57:22.385" /><!-- duration: 89ms -->
                <step title="Cpu: gzip(1292,107.060s)+sh(1291,0.000s)+tar(1290,5.980s)+absoluteTar.sh(1289,0.020s)=total(113.050s)" date="2025-07-05T09:58:23.005" /><!-- duration: 40ms -->
                <step title="starter.sh: no io activity for 183s, prev-cpu=75.970s, current-cpu=113.050s" date="2025-07-05T09:58:23.113" /><!-- duration: 23ms -->
              </step><!-- duration: 194534ms -->
              <step title="Executing external process" date="2025-07-05T09:58:35.196" type="process" path="starter.sh" arguments="/opt/Kudu/Scripts/parallel_rsync.sh /tmp/zipdeploy/extracted /home/site/wwwroot 8 /tmp/ False False node_modules " /><!-- duration: 18075ms -->
              <step title="Modified file to trigger a restart of the app container." date="2025-07-05T09:58:54.162" /><!-- duration: 8ms -->
              <step title="Skip function trigger and logicapp sync because function is not enabled." date="2025-07-05T09:58:54.187" /><!-- duration: 23ms -->
            </step><!-- duration: 215566ms -->
          </step><!-- duration: 215714ms -->
          <step title="Cleaning up temp files" date="2025-07-05T09:58:55.184" /><!-- duration: 18ms -->
          <step title="Cleaning up temp files" date="2025-07-05T09:58:55.219" /><!-- duration: 507ms -->
          <step title="Reloading status file with latest updates" date="2025-07-05T09:58:55.760" >
            <step title="WebHooksManager.PublishEventAsync: PostDeployment" date="2025-07-05T09:58:55.778" /><!-- duration: 146ms -->
          </step><!-- duration: 170ms -->
          <step title="Cleaning up temporary deployment - fetch deployment was successful" date="2025-07-05T09:58:55.942" /><!-- duration: 6ms -->
        </step><!-- duration: 216755ms -->
      </step><!-- duration: 218437ms -->
