<step title="Incoming Request" date="2025-07-05T10:34:47.593" instance="1e8efd" url="/api/deployments/latest?deployer=OneDeploy&amp;time=2025-07-05_10-32-23Z" method="GET" type="request" pid="770,1,21" Host="chatbot-app-new-g6f0csebbndkajgn.scm.japaneast-01.azurewebsites.net" User-Agent="GITHUBACTIONS_DeployWebAppToAzure_a0df8406eba08ee99bc38a6d5057acdb099dc770371e38ab0add4e46d3f0b63d" Authorization="Bea..." Content-Type="application/json; charset=utf-8" Cookie="ARRAffinity=1e8efd81b4645970fd27ae231faa7a976d2adeebc5d7764486e814ccf9926957;Path=/;HttpOnly;Secure;Domain=chatbot-app-new-g6f0csebbndkajgn.scm.japaneast-01.azurewebsites.net; ARRAffinitySameSite=1e8efd81b4645970fd27ae231faa7a976d2adeebc5d7764486e814ccf9926957;Path=/;HttpOnly;SameSite=None;Secure;Domain=chatbot-app-new-g6f0csebbndkajgn.scm.japaneast-01.azurewebsites.net" Content-Length="0" X-ARR-LOG-ID="b2e19f5e-b3e5-4e04-8dec-775231afe915" CLIENT-IP="52.234.41.210:19472" X-SITE-DEPLOYMENT-ID="chatbot-app-new" WAS-DEFAULT-HOSTNAME="chatbot-app-new-g6f0csebbndkajgn.scm.japaneast-01.azurewebsites.net" X-Forwarded-Proto="https" X-AppService-Proto="https" X-Forwarded-TlsVersion="1.3" X-WAWS-Unencoded-URL="/api/deployments/latest?deployer=OneDeploy&amp;time=2025-07-05_10-32-23Z" X-Client-IP="52.234.41.210" X-Client-Port="19472" >
  <step title="Cleanup Xml Logs" date="2025-07-05T10:34:47.611" >
    <step title="Cleanup Infos" date="2025-07-05T10:34:47.683" totalFiles="449" totalCleanup="289" /><!-- duration: 29ms -->
  </step><!-- duration: 113ms -->
  <step title="DeploymentService.GetResult" date="2025-07-05T10:34:47.762" >
    <step title="DeploymentService.GetLatestDeployment" date="2025-07-05T10:34:47.773" >
      <step title="DeploymentManager.GetResults" date="2025-07-05T10:34:47.784" /><!-- duration: 1064ms -->
    </step><!-- duration: 1115ms -->
  </step><!-- duration: 1138ms -->
  <step title="Outgoing response" date="2025-07-05T10:34:48.929" type="response" statusCode="202" statusText="Accepted" /><!-- duration: 19ms -->
</step><!-- duration: 1369ms -->
