<step title="Incoming Request" date="2025-07-05T09:58:40.012" instance="1e8efd" url="/api/deployments/latest?deployer=OneDeploy&amp;time=2025-07-05_09-54-07Z" method="GET" type="request" pid="768,1,7" Host="chatbot-app-new-g6f0csebbndkajgn.scm.japaneast-01.azurewebsites.net" User-Agent="GITHUBACTIONS_DeployWebAppToAzure_a0df8406eba08ee99bc38a6d5057acdb099dc770371e38ab0add4e46d3f0b63d" Authorization="Bea..." Content-Type="application/json; charset=utf-8" Cookie="ARRAffinity=1e8efd81b4645970fd27ae231faa7a976d2adeebc5d7764486e814ccf9926957;Path=/;HttpOnly;Secure;Domain=chatbot-app-new-g6f0csebbndkajgn.scm.japaneast-01.azurewebsites.net; ARRAffinitySameSite=1e8efd81b4645970fd27ae231faa7a976d2adeebc5d7764486e814ccf9926957;Path=/;HttpOnly;SameSite=None;Secure;Domain=chatbot-app-new-g6f0csebbndkajgn.scm.japaneast-01.azurewebsites.net" Content-Length="0" X-ARR-LOG-ID="cb5d5efe-ccaf-429a-bd9e-65d55781bdeb" CLIENT-IP="52.234.41.208:60352" X-SITE-DEPLOYMENT-ID="chatbot-app-new" WAS-DEFAULT-HOSTNAME="chatbot-app-new-g6f0csebbndkajgn.scm.japaneast-01.azurewebsites.net" X-Forwarded-Proto="https" X-AppService-Proto="https" X-Forwarded-TlsVersion="1.3" X-WAWS-Unencoded-URL="/api/deployments/latest?deployer=OneDeploy&amp;time=2025-07-05_09-54-07Z" X-Client-IP="52.234.41.208" X-Client-Port="60352" >
  <step title="Cleanup Xml Logs" date="2025-07-05T09:58:40.032" >
    <step title="Cleanup Infos" date="2025-07-05T09:58:40.140" totalFiles="381" totalCleanup="221" /><!-- duration: 30ms -->
  </step><!-- duration: 161ms -->
  <step title="DeploymentService.GetResult" date="2025-07-05T09:58:40.315" >
    <step title="DeploymentService.GetLatestDeployment" date="2025-07-05T09:58:40.356" >
      <step title="DeploymentManager.GetResults" date="2025-07-05T09:58:40.385" /><!-- duration: 4126ms -->
    </step><!-- duration: 4426ms -->
  </step><!-- duration: 4516ms -->
  <step title="Outgoing response" date="2025-07-05T09:58:44.852" type="response" statusCode="202" statusText="Accepted" /><!-- duration: 48ms -->
</step><!-- duration: 5173ms -->
