<step title="Incoming Request" date="2025-07-05T10:35:01.258" instance="1e8efd" url="/api/deployments/latest?deployer=OneDeploy&amp;time=2025-07-05_10-32-23Z" method="GET" type="request" pid="770,1,21" Host="chatbot-app-new-g6f0csebbndkajgn.scm.japaneast-01.azurewebsites.net" User-Agent="GITHUBACTIONS_DeployWebAppToAzure_a0df8406eba08ee99bc38a6d5057acdb099dc770371e38ab0add4e46d3f0b63d" Authorization="Bea..." Content-Type="application/json; charset=utf-8" Cookie="ARRAffinity=1e8efd81b4645970fd27ae231faa7a976d2adeebc5d7764486e814ccf9926957;Path=/;HttpOnly;Secure;Domain=chatbot-app-new-g6f0csebbndkajgn.scm.japaneast-01.azurewebsites.net; ARRAffinitySameSite=1e8efd81b4645970fd27ae231faa7a976d2adeebc5d7764486e814ccf9926957;Path=/;HttpOnly;SameSite=None;Secure;Domain=chatbot-app-new-g6f0csebbndkajgn.scm.japaneast-01.azurewebsites.net" Content-Length="0" X-ARR-LOG-ID="7f8f6455-d729-402f-b582-da44818ffc1e" CLIENT-IP="52.234.41.210:19472" X-SITE-DEPLOYMENT-ID="chatbot-app-new" WAS-DEFAULT-HOSTNAME="chatbot-app-new-g6f0csebbndkajgn.scm.japaneast-01.azurewebsites.net" X-Forwarded-Proto="https" X-AppService-Proto="https" X-Forwarded-TlsVersion="1.3" X-WAWS-Unencoded-URL="/api/deployments/latest?deployer=OneDeploy&amp;time=2025-07-05_10-32-23Z" X-Client-IP="52.234.41.210" X-Client-Port="19472" >
  <step title="Cleanup Xml Logs" date="2025-07-05T10:35:01.276" >
    <step title="Cleanup Infos" date="2025-07-05T10:35:01.348" totalFiles="451" totalCleanup="291" /><!-- duration: 19ms -->
  </step><!-- duration: 102ms -->
  <step title="DeploymentService.GetResult" date="2025-07-05T10:35:01.417" >
    <step title="DeploymentService.GetLatestDeployment" date="2025-07-05T10:35:01.428" >
      <step title="DeploymentManager.GetResults" date="2025-07-05T10:35:01.447" /><!-- duration: 1341ms -->
    </step><!-- duration: 1438ms -->
  </step><!-- duration: 1473ms -->
  <step title="Outgoing response" date="2025-07-05T10:35:02.939" type="response" statusCode="202" statusText="Accepted" /><!-- duration: 39ms -->
</step><!-- duration: 1741ms -->
