<step title="Incoming Request" date="2025-07-05T09:12:28.669" instance="1e8efd" url="/api/deployments/latest?deployer=OneDeploy&amp;time=2025-07-05_09-11-57Z" method="GET" type="request" pid="767,1,7" Host="chatbot-app-new-g6f0csebbndkajgn.scm.japaneast-01.azurewebsites.net" User-Agent="GITHUBACTIONS_DeployWebAppToAzure_a0df8406eba08ee99bc38a6d5057acdb099dc770371e38ab0add4e46d3f0b63d" Authorization="Bea..." Content-Type="application/json; charset=utf-8" Cookie="ARRAffinity=1e8efd81b4645970fd27ae231faa7a976d2adeebc5d7764486e814ccf9926957;Path=/;HttpOnly;Secure;Domain=chatbot-app-new-g6f0csebbndkajgn.scm.japaneast-01.azurewebsites.net; ARRAffinitySameSite=1e8efd81b4645970fd27ae231faa7a976d2adeebc5d7764486e814ccf9926957;Path=/;HttpOnly;SameSite=None;Secure;Domain=chatbot-app-new-g6f0csebbndkajgn.scm.japaneast-01.azurewebsites.net" Content-Length="0" X-ARR-LOG-ID="8ea0608b-7ea4-463d-9c17-60c7df10aa5f" CLIENT-IP="20.42.14.132:50177" X-SITE-DEPLOYMENT-ID="chatbot-app-new" WAS-DEFAULT-HOSTNAME="chatbot-app-new-g6f0csebbndkajgn.scm.japaneast-01.azurewebsites.net" X-Forwarded-Proto="https" X-AppService-Proto="https" X-Forwarded-TlsVersion="1.3" X-WAWS-Unencoded-URL="/api/deployments/latest?deployer=OneDeploy&amp;time=2025-07-05_09-11-57Z" X-Client-IP="20.42.14.132" X-Client-Port="50177" >
  <step title="Cleanup Xml Logs" date="2025-07-05T09:12:28.709" >
    <step title="Cleanup Infos" date="2025-07-05T09:12:28.871" totalFiles="311" totalCleanup="151" /><!-- duration: 40ms -->
  </step><!-- duration: 242ms -->
  <step title="DeploymentService.GetResult" date="2025-07-05T09:12:29.003" >
    <step title="DeploymentService.GetLatestDeployment" date="2025-07-05T09:12:29.041" >
      <step title="DeploymentManager.GetResults" date="2025-07-05T09:12:29.101" /><!-- duration: 1480ms -->
    </step><!-- duration: 1602ms -->
  </step><!-- duration: 1707ms -->
  <step title="Outgoing response" date="2025-07-05T09:12:30.773" type="response" statusCode="202" statusText="Accepted" /><!-- duration: 49ms -->
</step><!-- duration: 2195ms -->
