<step title="Incoming Request" date="2025-07-05T10:12:27.720" instance="1e8efd" url="/api/publish?async=true&amp;deployer=GITHUB_ONE_DEPLOY&amp;type=zip&amp;message=%7B%22type%22%3A%22deployment%22%2C%22sha%22%3A%22d4d30639e9c9f227bcaba61e679be659a42b1680%22%2C%22repoName%22%3A%22Ayumu277%2Ffirst-chatbot%22%2C%22actor%22%3A%22Ayumu277%22%2C%22slotName%22%3A%22Production%22%2C%22commitMessage%22%3A%22Fix%20Azure%20App%20Service%20deployment%3A%20Remove%20standalone%20mode%20and%20simplify%20Next.js%20configuration%22%7D" method="POST" type="request" pid="768,1,26" Host="chatbot-app-new-g6f0csebbndkajgn.scm.japaneast-01.azurewebsites.net" User-Agent="GITHUBACTIONS_DeployWebAppToAzure_a0df8406eba08ee99bc38a6d5057acdb099dc770371e38ab0add4e46d3f0b63d" Authorization="Bea..." Content-Type="application/octet-stream" Cookie="ARRAffinity=1e8efd81b4645970fd27ae231faa7a976d2adeebc5d7764486e814ccf9926957;Path=/;HttpOnly;Secure;Domain=chatbot-app-new-g6f0csebbndkajgn.scm.japaneast-01.azurewebsites.net; ARRAffinitySameSite=1e8efd81b4645970fd27ae231faa7a976d2adeebc5d7764486e814ccf9926957;Path=/;HttpOnly;SameSite=None;Secure;Domain=chatbot-app-new-g6f0csebbndkajgn.scm.japaneast-01.azurewebsites.net" Transfer-Encoding="chunked" X-ARR-LOG-ID="52ccdefc-2de7-45ec-9416-e0b414152e26" CLIENT-IP="20.246.79.16:48000" X-SITE-DEPLOYMENT-ID="chatbot-app-new" WAS-DEFAULT-HOSTNAME="chatbot-app-new-g6f0csebbndkajgn.scm.japaneast-01.azurewebsites.net" X-Forwarded-Proto="https" X-AppService-Proto="https" X-Forwarded-TlsVersion="1.3" X-WAWS-Unencoded-URL="/api/publish?async=true&amp;deployer=GITHUB_ONE_DEPLOY&amp;type=zip&amp;message=%7B%22type%22%3A%22deployment%22%2C%22sha%22%3A%22d4d30639e9c9f227bcaba61e679be659a42b1680%22%2C%22repoName%22%3A%22Ayumu277%2Ffirst-chatbot%22%2C%22actor%22%3A%22Ayumu277%22%2C%22slotName%22%3A%22Production%22%2C%22commitMessage%22%3A%22Fix%20Azure%20App%20Service%20deployment%3A%20Remove%20standalone%20mode%20and%20simplify%20Next.js%20configuration%22%7D" X-Client-IP="20.246.79.16" X-Client-Port="48000" >
  <step title="Cleanup Xml Logs" date="2025-07-05T10:12:27.728" >
    <step title="Cleanup Infos" date="2025-07-05T10:12:27.753" totalFiles="385" totalCleanup="225" /><!-- duration: 5ms -->
  </step><!-- duration: 36ms -->
  <step title="OneDeploy" date="2025-07-05T10:12:27.795" >
    <step title="Starting PushDeployAsync" date="2025-07-05T10:12:27.810" /><!-- duration: 6ms -->
    <step title="Writing artifact to /tmp/zipdeploy/2837db4d-71e8-4c15-bfb4-1b052797da22.zip" date="2025-07-05T10:12:27.834" >
      <step title="Writing multipart request body to /tmp/zipdeploy/2837db4d-71e8-4c15-bfb4-1b052797da22.zip" date="2025-07-05T10:12:27.841" /><!-- duration: 6ms -->
    </step><!-- duration: 20602ms -->
    <step title="Start deployment in the background" date="2025-07-05T10:12:48.464" >
      <step title="Acquiring Deployment Lock" date="2025-07-05T10:12:48.571" /><!-- duration: 5ms -->
      <step title="Acquired Deployment Lock" date="2025-07-05T10:12:48.613" /><!-- duration: 5ms -->
    </step><!-- duration: 281ms -->
  </step><!-- duration: 20966ms -->
  <step title="Outgoing response" date="2025-07-05T10:12:48.782" type="response" statusCode="202" statusText="Accepted" /><!-- duration: 22ms -->
</step><!-- duration: 21090ms -->
