<step title="Incoming Request" date="2025-07-05T08:23:42.769" instance="1e8efd" url="/api/deployments/latest?deployer=OneDeploy&amp;time=2025-07-05_08-20-48Z" method="GET" type="request" pid="769,1,34" Host="chatbot-app-new-g6f0csebbndkajgn.scm.japaneast-01.azurewebsites.net" User-Agent="GITHUBACTIONS_DeployWebAppToAzure_a0df8406eba08ee99bc38a6d5057acdb099dc770371e38ab0add4e46d3f0b63d" Authorization="Bea..." Content-Type="application/json; charset=utf-8" Cookie="ARRAffinity=1e8efd81b4645970fd27ae231faa7a976d2adeebc5d7764486e814ccf9926957;Path=/;HttpOnly;Secure;Domain=chatbot-app-new-g6f0csebbndkajgn.scm.japaneast-01.azurewebsites.net; ARRAffinitySameSite=1e8efd81b4645970fd27ae231faa7a976d2adeebc5d7764486e814ccf9926957;Path=/;HttpOnly;SameSite=None;Secure;Domain=chatbot-app-new-g6f0csebbndkajgn.scm.japaneast-01.azurewebsites.net" Content-Length="0" X-ARR-LOG-ID="08b1b2a0-c1d5-4936-83e4-f78c2bada353" CLIENT-IP="52.234.42.79:25984" X-SITE-DEPLOYMENT-ID="chatbot-app-new" WAS-DEFAULT-HOSTNAME="chatbot-app-new-g6f0csebbndkajgn.scm.japaneast-01.azurewebsites.net" X-Forwarded-Proto="https" X-AppService-Proto="https" X-Forwarded-TlsVersion="1.3" X-WAWS-Unencoded-URL="/api/deployments/latest?deployer=OneDeploy&amp;time=2025-07-05_08-20-48Z" X-Client-IP="52.234.42.79" X-Client-Port="25984" >
  <step title="Cleanup Xml Logs" date="2025-07-05T08:23:42.778" >
    <step title="Cleanup Infos" date="2025-07-05T08:23:42.803" totalFiles="229" totalCleanup="69" /><!-- duration: 15ms -->
  </step><!-- duration: 51ms -->
  <step title="DeploymentService.GetResult" date="2025-07-05T08:23:42.851" >
    <step title="DeploymentService.GetLatestDeployment" date="2025-07-05T08:23:42.870" >
      <step title="DeploymentManager.GetResults" date="2025-07-05T08:23:42.883" /><!-- duration: 493ms -->
    </step><!-- duration: 515ms -->
  </step><!-- duration: 544ms -->
  <step title="Outgoing response" date="2025-07-05T08:23:43.414" type="response" statusCode="202" statusText="Accepted" /><!-- duration: 30ms -->
</step><!-- duration: 687ms -->
