<step title="BackgroundTrace" date="2025-07-05T08:33:43.074" instance="1e8efd" url="/api/publish" method="POST" >
  <step title="Cleanup Xml Logs" date="2025-07-05T08:33:43.095" >
    <step title="Cleanup Infos" date="2025-07-05T08:33:43.124" totalFiles="239" totalCleanup="79" /><!-- duration: 9ms -->
  </step><!-- duration: 48ms -->
  <step title="Creating temporary deployment - FetchDeploymentManager" date="2025-07-05T08:33:43.346" /><!-- duration: 9ms -->
  <step title="Creating temporary deployment" date="2025-07-05T08:33:43.374" /><!-- duration: 184ms -->
  <step title="Performing fetch based deployment" date="2025-07-05T08:33:43.696" >
    <step title="Cleaning up temp folders from previous zip deployments and extracting pushed zip file /tmp/zipdeploy/b50d7379-8602-4d29-972a-c26ac5632f67.zip (317.14 MB) to /tmp/zipdeploy/extracted" date="2025-07-05T08:33:45.155" >
      <step title="ChmodRecursive Process exited with total time taken in ms: 395" date="2025-07-05T08:34:41.120" /><!-- duration: 21ms -->
    </step><!-- duration: 56086ms -->
    <step title="Deployment timer started" date="2025-07-05T08:34:43.365" >
      <step title="DeploymentManager.Deploy(id:bfc54d43-1db9-4d5c-a964-5d8c460c4b6b)" date="2025-07-05T08:34:43.387" >
        <step title="Collecting changeset information" date="2025-07-05T08:34:43.451" /><!-- duration: 167ms -->
        <step title="Updating submodules" date="2025-07-05T08:34:43.660" /><!-- duration: 1192ms -->
        <step title="Determining deployment builder" date="2025-07-05T08:34:45.110" >
          <step title="Builder is OneDeployBuilder" date="2025-07-05T08:34:45.150" /><!-- duration: 5ms -->
        </step><!-- duration: 53ms -->
        <step title="PreDeployment: context.CleanOutputPath False" date="2025-07-05T08:34:45.218" >
          <step title="PreDeployment: context.OutputPath /home/site/wwwroot" date="2025-07-05T08:34:45.353" >
            <step title="Building" date="2025-07-05T08:34:45.510" >
              <step title="Executing external process" date="2025-07-05T08:34:46.323" type="process" path="starter.sh" arguments="/opt/Kudu/Scripts/absoluteTar.sh /tmp/zipdeploy/extracted/node_modules /tmp/zipdeploy/extracted/node_modules.tar.gz" >
                <step title="Cpu: gzip(848,42.980s)+sh(847,0.000s)+tar(846,2.630s)+absoluteTar.sh(845,0.020s)=total(45.620s)" date="2025-07-05T08:35:47.846" /><!-- duration: 29ms -->
                <step title="starter.sh: no io activity for 61s, prev-cpu=-1.000s, current-cpu=45.620s" date="2025-07-05T08:35:47.967" /><!-- duration: 60ms -->
              </step><!-- duration: 112794ms -->
              <step title="Executing external process" date="2025-07-05T08:36:39.489" type="process" path="starter.sh" arguments="/opt/Kudu/Scripts/parallel_rsync.sh /tmp/zipdeploy/extracted /home/site/wwwroot 8 /tmp/ False False node_modules " /><!-- duration: 19104ms -->
              <step title="Modified file to trigger a restart of the app container." date="2025-07-05T08:36:59.806" /><!-- duration: 20ms -->
              <step title="Skip function trigger and logicapp sync because function is not enabled." date="2025-07-05T08:36:59.866" /><!-- duration: 22ms -->
            </step><!-- duration: 135375ms -->
          </step><!-- duration: 135548ms -->
          <step title="Cleaning up temp files" date="2025-07-05T08:37:00.908" /><!-- duration: 27ms -->
          <step title="Cleaning up temp files" date="2025-07-05T08:37:00.946" /><!-- duration: 519ms -->
          <step title="Reloading status file with latest updates" date="2025-07-05T08:37:01.515" >
            <step title="WebHooksManager.PublishEventAsync: PostDeployment" date="2025-07-05T08:37:01.522" /><!-- duration: 558ms -->
          </step><!-- duration: 595ms -->
          <step title="Cleaning up temporary deployment - fetch deployment was successful" date="2025-07-05T08:37:02.180" /><!-- duration: 8ms -->
        </step><!-- duration: 137061ms -->
      </step><!-- duration: 138928ms -->
