<step title="Incoming Request" date="2025-07-05T10:16:13.491" instance="1e8efd" url="/api/deployments/latest?deployer=OneDeploy&amp;time=2025-07-05_10-12-48Z" method="GET" type="request" pid="768,1,7" Host="chatbot-app-new-g6f0csebbndkajgn.scm.japaneast-01.azurewebsites.net" User-Agent="GITHUBACTIONS_DeployWebAppToAzure_a0df8406eba08ee99bc38a6d5057acdb099dc770371e38ab0add4e46d3f0b63d" Authorization="Bea..." Content-Type="application/json; charset=utf-8" Cookie="ARRAffinity=1e8efd81b4645970fd27ae231faa7a976d2adeebc5d7764486e814ccf9926957;Path=/;HttpOnly;Secure;Domain=chatbot-app-new-g6f0csebbndkajgn.scm.japaneast-01.azurewebsites.net; ARRAffinitySameSite=1e8efd81b4645970fd27ae231faa7a976d2adeebc5d7764486e814ccf9926957;Path=/;HttpOnly;SameSite=None;Secure;Domain=chatbot-app-new-g6f0csebbndkajgn.scm.japaneast-01.azurewebsites.net" Content-Length="0" X-ARR-LOG-ID="f35d1aeb-3ffd-4417-9d59-fdd05c87118e" CLIENT-IP="20.246.79.16:48001" X-SITE-DEPLOYMENT-ID="chatbot-app-new" WAS-DEFAULT-HOSTNAME="chatbot-app-new-g6f0csebbndkajgn.scm.japaneast-01.azurewebsites.net" X-Forwarded-Proto="https" X-AppService-Proto="https" X-Forwarded-TlsVersion="1.3" X-WAWS-Unencoded-URL="/api/deployments/latest?deployer=OneDeploy&amp;time=2025-07-05_10-12-48Z" X-Client-IP="20.246.79.16" X-Client-Port="48001" >
  <step title="Cleanup Xml Logs" date="2025-07-05T10:16:13.503" >
    <step title="Cleanup Infos" date="2025-07-05T10:16:13.573" totalFiles="416" totalCleanup="256" /><!-- duration: 18ms -->
  </step><!-- duration: 100ms -->
  <step title="DeploymentService.GetResult" date="2025-07-05T10:16:13.640" >
    <step title="DeploymentService.GetLatestDeployment" date="2025-07-05T10:16:13.652" >
      <step title="DeploymentManager.GetResults" date="2025-07-05T10:16:13.671" /><!-- duration: 1118ms -->
    </step><!-- duration: 1166ms -->
  </step><!-- duration: 1188ms -->
  <step title="Outgoing response" date="2025-07-05T10:16:14.850" type="response" statusCode="202" statusText="Accepted" /><!-- duration: 18ms -->
</step><!-- duration: 1387ms -->
