<step title="Incoming Request" date="2025-07-05T10:46:22.402" instance="1e8efd" url="/api/deployments/latest?deployer=OneDeploy&amp;time=2025-07-05_10-44-21Z" method="GET" type="request" pid="770,1,25" Host="chatbot-app-new-g6f0csebbndkajgn.scm.japaneast-01.azurewebsites.net" User-Agent="GITHUBACTIONS_DeployWebAppToAzure_a0df8406eba08ee99bc38a6d5057acdb099dc770371e38ab0add4e46d3f0b63d" Authorization="Bea..." Content-Type="application/json; charset=utf-8" Cookie="ARRAffinity=1e8efd81b4645970fd27ae231faa7a976d2adeebc5d7764486e814ccf9926957;Path=/;HttpOnly;Secure;Domain=chatbot-app-new-g6f0csebbndkajgn.scm.japaneast-01.azurewebsites.net; ARRAffinitySameSite=1e8efd81b4645970fd27ae231faa7a976d2adeebc5d7764486e814ccf9926957;Path=/;HttpOnly;SameSite=None;Secure;Domain=chatbot-app-new-g6f0csebbndkajgn.scm.japaneast-01.azurewebsites.net" Content-Length="0" X-ARR-LOG-ID="ef996d66-273c-4e46-8c91-d50b1faf2bee" CLIENT-IP="20.25.192.115:34817" X-SITE-DEPLOYMENT-ID="chatbot-app-new" WAS-DEFAULT-HOSTNAME="chatbot-app-new-g6f0csebbndkajgn.scm.japaneast-01.azurewebsites.net" X-Forwarded-Proto="https" X-AppService-Proto="https" X-Forwarded-TlsVersion="1.3" X-WAWS-Unencoded-URL="/api/deployments/latest?deployer=OneDeploy&amp;time=2025-07-05_10-44-21Z" X-Client-IP="20.25.192.115" X-Client-Port="34817" >
  <step title="Cleanup Xml Logs" date="2025-07-05T10:46:22.421" >
    <step title="Cleanup Infos" date="2025-07-05T10:46:22.481" totalFiles="488" totalCleanup="328" /><!-- duration: 39ms -->
  </step><!-- duration: 129ms -->
  <step title="DeploymentService.GetResult" date="2025-07-05T10:46:22.602" >
    <step title="DeploymentService.GetLatestDeployment" date="2025-07-05T10:46:22.621" >
      <step title="DeploymentManager.GetResults" date="2025-07-05T10:46:22.632" /><!-- duration: 1088ms -->
    </step><!-- duration: 1129ms -->
  </step><!-- duration: 1167ms -->
  <step title="Outgoing response" date="2025-07-05T10:46:23.798" type="response" statusCode="202" statusText="Accepted" /><!-- duration: 11ms -->
</step><!-- duration: 1425ms -->
