<step title="Incoming Request" date="2025-07-05T09:56:13.932" instance="1e8efd" url="/api/deployments/latest?deployer=OneDeploy&amp;time=2025-07-05_09-54-07Z" method="GET" type="request" pid="768,1,36" Host="chatbot-app-new-g6f0csebbndkajgn.scm.japaneast-01.azurewebsites.net" User-Agent="GITHUBACTIONS_DeployWebAppToAzure_a0df8406eba08ee99bc38a6d5057acdb099dc770371e38ab0add4e46d3f0b63d" Authorization="Bea..." Content-Type="application/json; charset=utf-8" Cookie="ARRAffinity=1e8efd81b4645970fd27ae231faa7a976d2adeebc5d7764486e814ccf9926957;Path=/;HttpOnly;Secure;Domain=chatbot-app-new-g6f0csebbndkajgn.scm.japaneast-01.azurewebsites.net; ARRAffinitySameSite=1e8efd81b4645970fd27ae231faa7a976d2adeebc5d7764486e814ccf9926957;Path=/;HttpOnly;SameSite=None;Secure;Domain=chatbot-app-new-g6f0csebbndkajgn.scm.japaneast-01.azurewebsites.net" Content-Length="0" X-ARR-LOG-ID="d6fd031d-5e48-4824-b648-ad001e9c323f" CLIENT-IP="52.234.41.208:60353" X-SITE-DEPLOYMENT-ID="chatbot-app-new" WAS-DEFAULT-HOSTNAME="chatbot-app-new-g6f0csebbndkajgn.scm.japaneast-01.azurewebsites.net" X-Forwarded-Proto="https" X-AppService-Proto="https" X-Forwarded-TlsVersion="1.3" X-WAWS-Unencoded-URL="/api/deployments/latest?deployer=OneDeploy&amp;time=2025-07-05_09-54-07Z" X-Client-IP="52.234.41.208" X-Client-Port="60353" >
  <step title="Cleanup Xml Logs" date="2025-07-05T09:56:13.950" >
    <step title="Cleanup Infos" date="2025-07-05T09:56:14.001" totalFiles="360" totalCleanup="200" /><!-- duration: 11ms -->
  </step><!-- duration: 73ms -->
  <step title="DeploymentService.GetResult" date="2025-07-05T09:56:14.061" >
    <step title="DeploymentService.GetLatestDeployment" date="2025-07-05T09:56:14.072" >
      <step title="DeploymentManager.GetResults" date="2025-07-05T09:56:14.091" /><!-- duration: 895ms -->
    </step><!-- duration: 946ms -->
  </step><!-- duration: 976ms -->
  <step title="Outgoing response" date="2025-07-05T09:56:15.079" type="response" statusCode="202" statusText="Accepted" /><!-- duration: 28ms -->
</step><!-- duration: 1197ms -->
