<step title="Incoming Request" date="2025-07-05T09:12:36.546" instance="1e8efd" url="/api/deployments/latest?deployer=OneDeploy&amp;time=2025-07-05_09-11-57Z" method="GET" type="request" pid="767,1,7" Host="chatbot-app-new-g6f0csebbndkajgn.scm.japaneast-01.azurewebsites.net" User-Agent="GITHUBACTIONS_DeployWebAppToAzure_a0df8406eba08ee99bc38a6d5057acdb099dc770371e38ab0add4e46d3f0b63d" Authorization="Bea..." Content-Type="application/json; charset=utf-8" Cookie="ARRAffinity=1e8efd81b4645970fd27ae231faa7a976d2adeebc5d7764486e814ccf9926957;Path=/;HttpOnly;Secure;Domain=chatbot-app-new-g6f0csebbndkajgn.scm.japaneast-01.azurewebsites.net; ARRAffinitySameSite=1e8efd81b4645970fd27ae231faa7a976d2adeebc5d7764486e814ccf9926957;Path=/;HttpOnly;SameSite=None;Secure;Domain=chatbot-app-new-g6f0csebbndkajgn.scm.japaneast-01.azurewebsites.net" Content-Length="0" X-ARR-LOG-ID="46ab4d7e-21ca-4188-953b-37a77591c497" CLIENT-IP="20.42.14.132:50178" X-SITE-DEPLOYMENT-ID="chatbot-app-new" WAS-DEFAULT-HOSTNAME="chatbot-app-new-g6f0csebbndkajgn.scm.japaneast-01.azurewebsites.net" X-Forwarded-Proto="https" X-AppService-Proto="https" X-Forwarded-TlsVersion="1.3" X-WAWS-Unencoded-URL="/api/deployments/latest?deployer=OneDeploy&amp;time=2025-07-05_09-11-57Z" X-Client-IP="20.42.14.132" X-Client-Port="50178" >
  <step title="Cleanup Xml Logs" date="2025-07-05T09:12:36.565" >
    <step title="Cleanup Infos" date="2025-07-05T09:12:36.624" totalFiles="312" totalCleanup="152" /><!-- duration: 13ms -->
  </step><!-- duration: 92ms -->
  <step title="DeploymentService.GetResult" date="2025-07-05T09:12:36.705" >
    <step title="DeploymentService.GetLatestDeployment" date="2025-07-05T09:12:36.715" >
      <step title="DeploymentManager.GetResults" date="2025-07-05T09:12:36.738" /><!-- duration: 791ms -->
    </step><!-- duration: 819ms -->
  </step><!-- duration: 836ms -->
  <step title="Outgoing response" date="2025-07-05T09:12:37.549" type="response" statusCode="202" statusText="Accepted" /><!-- duration: 11ms -->
</step><!-- duration: 1019ms -->
