<step title="BackgroundTrace" date="2025-07-05T10:12:48.475" instance="1e8efd" url="/api/publish" method="POST" >
  <step title="Cleanup Xml Logs" date="2025-07-05T10:12:48.485" >
    <step title="Cleanup Infos" date="2025-07-05T10:12:48.504" totalFiles="386" totalCleanup="226" /><!-- duration: 5ms -->
  </step><!-- duration: 29ms -->
  <step title="Creating temporary deployment - FetchDeploymentManager" date="2025-07-05T10:12:48.624" /><!-- duration: 5ms -->
  <step title="Creating temporary deployment" date="2025-07-05T10:12:48.639" /><!-- duration: 92ms -->
  <step title="Performing fetch based deployment" date="2025-07-05T10:12:48.850" >
    <step title="Cleaning up temp folders from previous zip deployments and extracting pushed zip file /tmp/zipdeploy/2837db4d-71e8-4c15-bfb4-1b052797da22.zip (469.50 MB) to /tmp/zipdeploy/extracted" date="2025-07-05T10:12:50.339" >
      <step title="ChmodRecursive Process exited with total time taken in ms: 117" date="2025-07-05T10:13:54.384" /><!-- duration: 12ms -->
    </step><!-- duration: 64063ms -->
    <step title="Deployment timer started" date="2025-07-05T10:13:56.427" >
      <step title="DeploymentManager.Deploy(id:804bfabc-9dd6-499b-8ace-a3abac6d9bb7)" date="2025-07-05T10:13:56.456" >
        <step title="Collecting changeset information" date="2025-07-05T10:13:56.548" /><!-- duration: 150ms -->
        <step title="Updating submodules" date="2025-07-05T10:13:56.709" /><!-- duration: 1117ms -->
        <step title="Determining deployment builder" date="2025-07-05T10:13:58.034" >
          <step title="Builder is OneDeployBuilder" date="2025-07-05T10:13:58.076" /><!-- duration: 5ms -->
        </step><!-- duration: 53ms -->
        <step title="PreDeployment: context.CleanOutputPath False" date="2025-07-05T10:13:58.169" >
          <step title="PreDeployment: context.OutputPath /home/site/wwwroot" date="2025-07-05T10:13:58.324" >
            <step title="Building" date="2025-07-05T10:13:58.575" >
              <step title="Executing external process" date="2025-07-05T10:13:59.297" type="process" path="starter.sh" arguments="/opt/Kudu/Scripts/absoluteTar.sh /tmp/zipdeploy/extracted/node_modules /tmp/zipdeploy/extracted/node_modules.tar.gz" >
                <step title="Cpu: gzip(1608,42.450s)+sh(1607,0.000s)+tar(1606,1.890s)+absoluteTar.sh(1604,0.010s)=total(44.350s)" date="2025-07-05T10:14:59.826" /><!-- duration: 21ms -->
                <step title="starter.sh: no io activity for 60s, prev-cpu=-1.000s, current-cpu=44.350s" date="2025-07-05T10:14:59.885" /><!-- duration: 22ms -->
                <step title="Cpu: gzip(1608,85.330s)+sh(1607,0.000s)+tar(1606,4.520s)+absoluteTar.sh(1604,0.010s)=total(89.860s)" date="2025-07-05T10:16:00.278" /><!-- duration: 11ms -->
                <step title="starter.sh: no io activity for 121s, prev-cpu=44.350s, current-cpu=89.860s" date="2025-07-05T10:16:00.328" /><!-- duration: 50ms -->
              </step><!-- duration: 163417ms -->
              <step title="Executing external process" date="2025-07-05T10:16:43.032" type="process" path="starter.sh" arguments="/opt/Kudu/Scripts/parallel_rsync.sh /tmp/zipdeploy/extracted /home/site/wwwroot 8 /tmp/ False False node_modules " /><!-- duration: 23411ms -->
              <step title="Modified file to trigger a restart of the app container." date="2025-07-05T10:17:07.293" /><!-- duration: 4ms -->
              <step title="Skip function trigger and logicapp sync because function is not enabled." date="2025-07-05T10:17:07.305" /><!-- duration: 7ms -->
            </step><!-- duration: 190568ms -->
          </step><!-- duration: 190832ms -->
          <step title="Cleaning up temp files" date="2025-07-05T10:17:09.160" /><!-- duration: 20ms -->
          <step title="Cleaning up temp files" date="2025-07-05T10:17:09.202" /><!-- duration: 516ms -->
          <step title="Reloading status file with latest updates" date="2025-07-05T10:17:09.752" >
            <step title="WebHooksManager.PublishEventAsync: PostDeployment" date="2025-07-05T10:17:09.777" /><!-- duration: 60ms -->
          </step><!-- duration: 89ms -->
          <step title="Cleaning up temporary deployment - fetch deployment was successful" date="2025-07-05T10:17:09.854" /><!-- duration: 4ms -->
        </step><!-- duration: 191769ms -->
      </step><!-- duration: 193508ms -->
