<step title="Incoming Request" date="2025-07-05T10:45:32.639" instance="1e8efd" url="/api/deployments/latest?deployer=OneDeploy&amp;time=2025-07-05_10-44-21Z" method="GET" type="request" pid="770,1,25" Host="chatbot-app-new-g6f0csebbndkajgn.scm.japaneast-01.azurewebsites.net" User-Agent="GITHUBACTIONS_DeployWebAppToAzure_a0df8406eba08ee99bc38a6d5057acdb099dc770371e38ab0add4e46d3f0b63d" Authorization="Bea..." Content-Type="application/json; charset=utf-8" Cookie="ARRAffinity=1e8efd81b4645970fd27ae231faa7a976d2adeebc5d7764486e814ccf9926957;Path=/;HttpOnly;Secure;Domain=chatbot-app-new-g6f0csebbndkajgn.scm.japaneast-01.azurewebsites.net; ARRAffinitySameSite=1e8efd81b4645970fd27ae231faa7a976d2adeebc5d7764486e814ccf9926957;Path=/;HttpOnly;SameSite=None;Secure;Domain=chatbot-app-new-g6f0csebbndkajgn.scm.japaneast-01.azurewebsites.net" Content-Length="0" X-ARR-LOG-ID="e2e1339b-1f13-4e66-a59c-e2bbe3c57e8b" CLIENT-IP="20.25.192.115:34816" X-SITE-DEPLOYMENT-ID="chatbot-app-new" WAS-DEFAULT-HOSTNAME="chatbot-app-new-g6f0csebbndkajgn.scm.japaneast-01.azurewebsites.net" X-Forwarded-Proto="https" X-AppService-Proto="https" X-Forwarded-TlsVersion="1.3" X-WAWS-Unencoded-URL="/api/deployments/latest?deployer=OneDeploy&amp;time=2025-07-05_10-44-21Z" X-Client-IP="20.25.192.115" X-Client-Port="34816" >
  <step title="Cleanup Xml Logs" date="2025-07-05T10:45:32.656" >
    <step title="Cleanup Infos" date="2025-07-05T10:45:32.726" totalFiles="481" totalCleanup="321" /><!-- duration: 30ms -->
  </step><!-- duration: 112ms -->
  <step title="DeploymentService.GetResult" date="2025-07-05T10:45:32.839" >
    <step title="DeploymentService.GetLatestDeployment" date="2025-07-05T10:45:32.860" >
      <step title="DeploymentManager.GetResults" date="2025-07-05T10:45:32.877" /><!-- duration: 997ms -->
    </step><!-- duration: 1046ms -->
  </step><!-- duration: 1078ms -->
  <step title="Outgoing response" date="2025-07-05T10:45:33.943" type="response" statusCode="202" statusText="Accepted" /><!-- duration: 20ms -->
</step><!-- duration: 1344ms -->
