<step title="Incoming Request" date="2025-07-05T08:36:39.638" instance="1e8efd" url="/api/deployments/latest?deployer=OneDeploy&amp;time=2025-07-05_08-33-43Z" method="GET" type="request" pid="776,1,17" Host="chatbot-app-new-g6f0csebbndkajgn.scm.japaneast-01.azurewebsites.net" User-Agent="GITHUBACTIONS_DeployWebAppToAzure_a0df8406eba08ee99bc38a6d5057acdb099dc770371e38ab0add4e46d3f0b63d" Authorization="Bea..." Content-Type="application/json; charset=utf-8" Cookie="ARRAffinity=1e8efd81b4645970fd27ae231faa7a976d2adeebc5d7764486e814ccf9926957;Path=/;HttpOnly;Secure;Domain=chatbot-app-new-g6f0csebbndkajgn.scm.japaneast-01.azurewebsites.net; ARRAffinitySameSite=1e8efd81b4645970fd27ae231faa7a976d2adeebc5d7764486e814ccf9926957;Path=/;HttpOnly;SameSite=None;Secure;Domain=chatbot-app-new-g6f0csebbndkajgn.scm.japaneast-01.azurewebsites.net" Content-Length="0" X-ARR-LOG-ID="ab5f0fdb-f136-4081-b0a8-baae7337891d" CLIENT-IP="172.183.103.122:19648" X-SITE-DEPLOYMENT-ID="chatbot-app-new" WAS-DEFAULT-HOSTNAME="chatbot-app-new-g6f0csebbndkajgn.scm.japaneast-01.azurewebsites.net" X-Forwarded-Proto="https" X-AppService-Proto="https" X-Forwarded-TlsVersion="1.3" X-WAWS-Unencoded-URL="/api/deployments/latest?deployer=OneDeploy&amp;time=2025-07-05_08-33-43Z" X-Client-IP="172.183.103.122" X-Client-Port="19648" >
  <step title="Cleanup Xml Logs" date="2025-07-05T08:36:39.648" >
    <step title="Cleanup Infos" date="2025-07-05T08:36:39.695" totalFiles="266" totalCleanup="106" /><!-- duration: 15ms -->
  </step><!-- duration: 90ms -->
  <step title="DeploymentService.GetResult" date="2025-07-05T08:36:39.821" >
    <step title="DeploymentService.GetLatestDeployment" date="2025-07-05T08:36:39.842" >
      <step title="DeploymentManager.GetResults" date="2025-07-05T08:36:39.872" /><!-- duration: 1757ms -->
    </step><!-- duration: 1859ms -->
  </step><!-- duration: 1919ms -->
  <step title="Outgoing response" date="2025-07-05T08:36:41.791" type="response" statusCode="202" statusText="Accepted" /><!-- duration: 32ms -->
</step><!-- duration: 2206ms -->
