<step title="Incoming Request" date="2025-07-05T07:52:59.825" instance="1e8efd" url="/api/publish?async=true&amp;deployer=GITHUB_ONE_DEPLOY&amp;type=zip&amp;message=%7B%22type%22%3A%22deployment%22%2C%22sha%22%3A%228d8e8fdd56fcb423f95d2129fb5ea693ee0f2ce0%22%2C%22repoName%22%3A%22Ayumu277%2Ffirst-chatbot%22%2C%22actor%22%3A%22Ayumu277%22%2C%22slotName%22%3A%22Production%22%2C%22commitMessage%22%3A%22Fix%20Next.js%20build%20issues%20by%20removing%20standalone%20output%20configuration%22%7D" method="POST" type="request" pid="769,1,17" Host="chatbot-app-new-g6f0csebbndkajgn.scm.japaneast-01.azurewebsites.net" User-Agent="GITHUBACTIONS_DeployWebAppToAzure_a0df8406eba08ee99bc38a6d5057acdb099dc770371e38ab0add4e46d3f0b63d" Authorization="Bea..." Content-Type="application/octet-stream" Cookie="ARRAffinity=1e8efd81b4645970fd27ae231faa7a976d2adeebc5d7764486e814ccf9926957;Path=/;HttpOnly;Secure;Domain=chatbot-app-new-g6f0csebbndkajgn.scm.japaneast-01.azurewebsites.net; ARRAffinitySameSite=1e8efd81b4645970fd27ae231faa7a976d2adeebc5d7764486e814ccf9926957;Path=/;HttpOnly;SameSite=None;Secure;Domain=chatbot-app-new-g6f0csebbndkajgn.scm.japaneast-01.azurewebsites.net" Transfer-Encoding="chunked" X-ARR-LOG-ID="e35c86da-1434-4c3c-a468-2dce349829f1" CLIENT-IP="52.155.61.16:37888" X-SITE-DEPLOYMENT-ID="chatbot-app-new" WAS-DEFAULT-HOSTNAME="chatbot-app-new-g6f0csebbndkajgn.scm.japaneast-01.azurewebsites.net" X-Forwarded-Proto="https" X-AppService-Proto="https" X-Forwarded-TlsVersion="1.3" X-WAWS-Unencoded-URL="/api/publish?async=true&amp;deployer=GITHUB_ONE_DEPLOY&amp;type=zip&amp;message=%7B%22type%22%3A%22deployment%22%2C%22sha%22%3A%228d8e8fdd56fcb423f95d2129fb5ea693ee0f2ce0%22%2C%22repoName%22%3A%22Ayumu277%2Ffirst-chatbot%22%2C%22actor%22%3A%22Ayumu277%22%2C%22slotName%22%3A%22Production%22%2C%22commitMessage%22%3A%22Fix%20Next.js%20build%20issues%20by%20removing%20standalone%20output%20configuration%22%7D" X-Client-IP="52.155.61.16" X-Client-Port="37888" >
  <step title="Cleanup Xml Logs" date="2025-07-05T07:52:59.830" /><!-- duration: 11ms -->
  <step title="OneDeploy" date="2025-07-05T07:52:59.961" >
    <step title="None repository commit" date="2025-07-05T07:52:59.979" >
      <step title="Commit id: 37032336-211b-40fa-9c4c-da32ebddedeb" date="2025-07-05T07:52:59.983" Message="N/A" AuthorName="N/A" AuthorEmail="N/A" /><!-- duration: 5ms -->
    </step><!-- duration: 14ms -->
    <step title="Starting PushDeployAsync" date="2025-07-05T07:52:59.998" /><!-- duration: 5ms -->
    <step title="Removing node_modules symlink" date="2025-07-05T07:53:00.072" >
      <step title="Writing artifact to /tmp/zipdeploy/108dd38b-86fa-4d47-bdf4-6104e32b8fe5.zip" date="2025-07-05T07:53:00.365" >
        <step title="Writing multipart request body to /tmp/zipdeploy/108dd38b-86fa-4d47-bdf4-6104e32b8fe5.zip" date="2025-07-05T07:53:00.404" /><!-- duration: 30ms -->
      </step><!-- duration: 17851ms -->
      <step title="Start deployment in the background" date="2025-07-05T07:53:18.299" >
        <step title="Acquiring Deployment Lock" date="2025-07-05T07:53:18.428" /><!-- duration: 20ms -->
        <step title="Acquired Deployment Lock" date="2025-07-05T07:53:18.681" /><!-- duration: 17ms -->
      </step><!-- duration: 714ms -->
    </step><!-- duration: 19052ms -->
    <step title="Outgoing response" date="2025-07-05T07:53:19.193" type="response" statusCode="202" statusText="Accepted" /><!-- duration: 11ms -->
  </step><!-- duration: 19270ms -->
