<step title="Incoming Request" date="2025-07-05T08:35:11.130" instance="1e8efd" url="/api/deployments/latest?deployer=OneDeploy&amp;time=2025-07-05_08-33-43Z" method="GET" type="request" pid="776,1,18" Host="chatbot-app-new-g6f0csebbndkajgn.scm.japaneast-01.azurewebsites.net" User-Agent="GITHUBACTIONS_DeployWebAppToAzure_a0df8406eba08ee99bc38a6d5057acdb099dc770371e38ab0add4e46d3f0b63d" Authorization="Bea..." Content-Type="application/json; charset=utf-8" Cookie="ARRAffinity=1e8efd81b4645970fd27ae231faa7a976d2adeebc5d7764486e814ccf9926957;Path=/;HttpOnly;Secure;Domain=chatbot-app-new-g6f0csebbndkajgn.scm.japaneast-01.azurewebsites.net; ARRAffinitySameSite=1e8efd81b4645970fd27ae231faa7a976d2adeebc5d7764486e814ccf9926957;Path=/;HttpOnly;SameSite=None;Secure;Domain=chatbot-app-new-g6f0csebbndkajgn.scm.japaneast-01.azurewebsites.net" Content-Length="0" X-ARR-LOG-ID="10f35ebd-d630-4c74-ace8-f164dd14581f" CLIENT-IP="172.183.103.122:19649" X-SITE-DEPLOYMENT-ID="chatbot-app-new" WAS-DEFAULT-HOSTNAME="chatbot-app-new-g6f0csebbndkajgn.scm.japaneast-01.azurewebsites.net" X-Forwarded-Proto="https" X-AppService-Proto="https" X-Forwarded-TlsVersion="1.3" X-WAWS-Unencoded-URL="/api/deployments/latest?deployer=OneDeploy&amp;time=2025-07-05_08-33-43Z" X-Client-IP="172.183.103.122" X-Client-Port="19649" >
  <step title="Cleanup Xml Logs" date="2025-07-05T08:35:11.147" >
    <step title="Cleanup Infos" date="2025-07-05T08:35:11.197" totalFiles="253" totalCleanup="93" /><!-- duration: 12ms -->
  </step><!-- duration: 80ms -->
  <step title="DeploymentService.GetResult" date="2025-07-05T08:35:11.288" >
    <step title="DeploymentService.GetLatestDeployment" date="2025-07-05T08:35:11.299" >
      <step title="DeploymentManager.GetResults" date="2025-07-05T08:35:11.318" /><!-- duration: 784ms -->
    </step><!-- duration: 816ms -->
  </step><!-- duration: 886ms -->
  <step title="Outgoing response" date="2025-07-05T08:35:12.204" type="response" statusCode="202" statusText="Accepted" /><!-- duration: 32ms -->
</step><!-- duration: 1136ms -->
