<step title="Incoming Request" date="2025-07-05T09:12:50.465" instance="1e8efd" url="/api/deployments/latest?deployer=OneDeploy&amp;time=2025-07-05_09-11-57Z" method="GET" type="request" pid="767,1,5" Host="chatbot-app-new-g6f0csebbndkajgn.scm.japaneast-01.azurewebsites.net" User-Agent="GITHUBACTIONS_DeployWebAppToAzure_a0df8406eba08ee99bc38a6d5057acdb099dc770371e38ab0add4e46d3f0b63d" Authorization="Bea..." Content-Type="application/json; charset=utf-8" Cookie="ARRAffinity=1e8efd81b4645970fd27ae231faa7a976d2adeebc5d7764486e814ccf9926957;Path=/;HttpOnly;Secure;Domain=chatbot-app-new-g6f0csebbndkajgn.scm.japaneast-01.azurewebsites.net; ARRAffinitySameSite=1e8efd81b4645970fd27ae231faa7a976d2adeebc5d7764486e814ccf9926957;Path=/;HttpOnly;SameSite=None;Secure;Domain=chatbot-app-new-g6f0csebbndkajgn.scm.japaneast-01.azurewebsites.net" Content-Length="0" X-ARR-LOG-ID="3f7b83fa-0c7a-418c-89b7-1eec4bb0ed8d" CLIENT-IP="20.42.14.132:50178" X-SITE-DEPLOYMENT-ID="chatbot-app-new" WAS-DEFAULT-HOSTNAME="chatbot-app-new-g6f0csebbndkajgn.scm.japaneast-01.azurewebsites.net" X-Forwarded-Proto="https" X-AppService-Proto="https" X-Forwarded-TlsVersion="1.3" X-WAWS-Unencoded-URL="/api/deployments/latest?deployer=OneDeploy&amp;time=2025-07-05_09-11-57Z" X-Client-IP="20.42.14.132" X-Client-Port="50178" >
  <step title="Cleanup Xml Logs" date="2025-07-05T09:12:50.493" >
    <step title="Cleanup Infos" date="2025-07-05T09:12:50.546" totalFiles="314" totalCleanup="154" /><!-- duration: 20ms -->
  </step><!-- duration: 84ms -->
  <step title="DeploymentService.GetResult" date="2025-07-05T09:12:50.592" >
    <step title="DeploymentService.GetLatestDeployment" date="2025-07-05T09:12:50.598" >
      <step title="DeploymentManager.GetResults" date="2025-07-05T09:12:50.604" /><!-- duration: 1204ms -->
    </step><!-- duration: 1220ms -->
  </step><!-- duration: 1233ms -->
  <step title="Outgoing response" date="2025-07-05T09:12:51.836" type="response" statusCode="202" statusText="Accepted" /><!-- duration: 10ms -->
</step><!-- duration: 1385ms -->
