<step title="Incoming Request" date="2025-07-05T10:13:03.863" instance="1e8efd" url="/api/deployments/latest?deployer=OneDeploy&amp;time=2025-07-05_10-12-48Z" method="GET" type="request" pid="768,1,28" Host="chatbot-app-new-g6f0csebbndkajgn.scm.japaneast-01.azurewebsites.net" User-Agent="GITHUBACTIONS_DeployWebAppToAzure_a0df8406eba08ee99bc38a6d5057acdb099dc770371e38ab0add4e46d3f0b63d" Authorization="Bea..." Content-Type="application/json; charset=utf-8" Cookie="ARRAffinity=1e8efd81b4645970fd27ae231faa7a976d2adeebc5d7764486e814ccf9926957;Path=/;HttpOnly;Secure;Domain=chatbot-app-new-g6f0csebbndkajgn.scm.japaneast-01.azurewebsites.net; ARRAffinitySameSite=1e8efd81b4645970fd27ae231faa7a976d2adeebc5d7764486e814ccf9926957;Path=/;HttpOnly;SameSite=None;Secure;Domain=chatbot-app-new-g6f0csebbndkajgn.scm.japaneast-01.azurewebsites.net" Content-Length="0" X-ARR-LOG-ID="a6615abd-5ca5-431b-9e83-0c713e2d7d1c" CLIENT-IP="20.246.79.16:48000" X-SITE-DEPLOYMENT-ID="chatbot-app-new" WAS-DEFAULT-HOSTNAME="chatbot-app-new-g6f0csebbndkajgn.scm.japaneast-01.azurewebsites.net" X-Forwarded-Proto="https" X-AppService-Proto="https" X-Forwarded-TlsVersion="1.3" X-WAWS-Unencoded-URL="/api/deployments/latest?deployer=OneDeploy&amp;time=2025-07-05_10-12-48Z" X-Client-IP="20.246.79.16" X-Client-Port="48000" >
  <step title="Cleanup Xml Logs" date="2025-07-05T10:13:03.924" >
    <step title="Cleanup Infos" date="2025-07-05T10:13:04.025" totalFiles="389" totalCleanup="229" /><!-- duration: 21ms -->
  </step><!-- duration: 132ms -->
  <step title="DeploymentService.GetResult" date="2025-07-05T10:13:04.093" >
    <step title="DeploymentService.GetLatestDeployment" date="2025-07-05T10:13:04.105" >
      <step title="DeploymentManager.GetResults" date="2025-07-05T10:13:04.115" /><!-- duration: 795ms -->
    </step><!-- duration: 818ms -->
  </step><!-- duration: 836ms -->
  <step title="Outgoing response" date="2025-07-05T10:13:04.936" type="response" statusCode="202" statusText="Accepted" /><!-- duration: 5ms -->
</step><!-- duration: 1082ms -->
