<step title="Incoming Request" date="2025-07-05T10:14:27.300" instance="1e8efd" url="/api/deployments/latest?deployer=OneDeploy&amp;time=2025-07-05_10-12-48Z" method="GET" type="request" pid="768,1,7" Host="chatbot-app-new-g6f0csebbndkajgn.scm.japaneast-01.azurewebsites.net" User-Agent="GITHUBACTIONS_DeployWebAppToAzure_a0df8406eba08ee99bc38a6d5057acdb099dc770371e38ab0add4e46d3f0b63d" Authorization="Bea..." Content-Type="application/json; charset=utf-8" Cookie="ARRAffinity=1e8efd81b4645970fd27ae231faa7a976d2adeebc5d7764486e814ccf9926957;Path=/;HttpOnly;Secure;Domain=chatbot-app-new-g6f0csebbndkajgn.scm.japaneast-01.azurewebsites.net; ARRAffinitySameSite=1e8efd81b4645970fd27ae231faa7a976d2adeebc5d7764486e814ccf9926957;Path=/;HttpOnly;SameSite=None;Secure;Domain=chatbot-app-new-g6f0csebbndkajgn.scm.japaneast-01.azurewebsites.net" Content-Length="0" X-ARR-LOG-ID="4d7c645b-0f49-444f-bbb0-f051a084c818" CLIENT-IP="20.246.79.16:48000" X-SITE-DEPLOYMENT-ID="chatbot-app-new" WAS-DEFAULT-HOSTNAME="chatbot-app-new-g6f0csebbndkajgn.scm.japaneast-01.azurewebsites.net" X-Forwarded-Proto="https" X-AppService-Proto="https" X-Forwarded-TlsVersion="1.3" X-WAWS-Unencoded-URL="/api/deployments/latest?deployer=OneDeploy&amp;time=2025-07-05_10-12-48Z" X-Client-IP="20.246.79.16" X-Client-Port="48000" >
  <step title="Cleanup Xml Logs" date="2025-07-05T10:14:27.319" >
    <step title="Cleanup Infos" date="2025-07-05T10:14:27.410" totalFiles="401" totalCleanup="241" /><!-- duration: 20ms -->
  </step><!-- duration: 131ms -->
  <step title="DeploymentService.GetResult" date="2025-07-05T10:14:27.549" >
    <step title="DeploymentService.GetLatestDeployment" date="2025-07-05T10:14:27.570" >
      <step title="DeploymentManager.GetResults" date="2025-07-05T10:14:27.592" /><!-- duration: 1368ms -->
    </step><!-- duration: 1417ms -->
  </step><!-- duration: 1469ms -->
  <step title="Outgoing response" date="2025-07-05T10:14:29.038" type="response" statusCode="202" statusText="Accepted" /><!-- duration: 19ms -->
</step><!-- duration: 1778ms -->
