<step title="Incoming Request" date="2025-07-05T08:36:12.102" instance="1e8efd" url="/api/deployments/latest?deployer=OneDeploy&amp;time=2025-07-05_08-33-43Z" method="GET" type="request" pid="776,1,22" Host="chatbot-app-new-g6f0csebbndkajgn.scm.japaneast-01.azurewebsites.net" User-Agent="GITHUBACTIONS_DeployWebAppToAzure_a0df8406eba08ee99bc38a6d5057acdb099dc770371e38ab0add4e46d3f0b63d" Authorization="Bea..." Content-Type="application/json; charset=utf-8" Cookie="ARRAffinity=1e8efd81b4645970fd27ae231faa7a976d2adeebc5d7764486e814ccf9926957;Path=/;HttpOnly;Secure;Domain=chatbot-app-new-g6f0csebbndkajgn.scm.japaneast-01.azurewebsites.net; ARRAffinitySameSite=1e8efd81b4645970fd27ae231faa7a976d2adeebc5d7764486e814ccf9926957;Path=/;HttpOnly;SameSite=None;Secure;Domain=chatbot-app-new-g6f0csebbndkajgn.scm.japaneast-01.azurewebsites.net" Content-Length="0" X-ARR-LOG-ID="e6267565-f68e-4220-992d-d8285f4d4a27" CLIENT-IP="172.183.103.122:19648" X-SITE-DEPLOYMENT-ID="chatbot-app-new" WAS-DEFAULT-HOSTNAME="chatbot-app-new-g6f0csebbndkajgn.scm.japaneast-01.azurewebsites.net" X-Forwarded-Proto="https" X-AppService-Proto="https" X-Forwarded-TlsVersion="1.3" X-WAWS-Unencoded-URL="/api/deployments/latest?deployer=OneDeploy&amp;time=2025-07-05_08-33-43Z" X-Client-IP="172.183.103.122" X-Client-Port="19648" >
  <step title="Cleanup Xml Logs" date="2025-07-05T08:36:12.121" >
    <step title="Cleanup Infos" date="2025-07-05T08:36:12.173" totalFiles="262" totalCleanup="102" /><!-- duration: 21ms -->
  </step><!-- duration: 92ms -->
  <step title="DeploymentService.GetResult" date="2025-07-05T08:36:12.254" >
    <step title="DeploymentService.GetLatestDeployment" date="2025-07-05T08:36:12.282" >
      <step title="DeploymentManager.GetResults" date="2025-07-05T08:36:12.294" /><!-- duration: 673ms -->
    </step><!-- duration: 704ms -->
  </step><!-- duration: 741ms -->
  <step title="Outgoing response" date="2025-07-05T08:36:13.017" type="response" statusCode="202" statusText="Accepted" /><!-- duration: 29ms -->
</step><!-- duration: 966ms -->
