<step title="Incoming Request" date="2025-07-05T08:34:30.531" instance="1e8efd" url="/api/deployments/latest?deployer=OneDeploy&amp;time=2025-07-05_08-33-43Z" method="GET" type="request" pid="776,1,15" Host="chatbot-app-new-g6f0csebbndkajgn.scm.japaneast-01.azurewebsites.net" User-Agent="GITHUBACTIONS_DeployWebAppToAzure_a0df8406eba08ee99bc38a6d5057acdb099dc770371e38ab0add4e46d3f0b63d" Authorization="Bea..." Content-Type="application/json; charset=utf-8" Cookie="ARRAffinity=1e8efd81b4645970fd27ae231faa7a976d2adeebc5d7764486e814ccf9926957;Path=/;HttpOnly;Secure;Domain=chatbot-app-new-g6f0csebbndkajgn.scm.japaneast-01.azurewebsites.net; ARRAffinitySameSite=1e8efd81b4645970fd27ae231faa7a976d2adeebc5d7764486e814ccf9926957;Path=/;HttpOnly;SameSite=None;Secure;Domain=chatbot-app-new-g6f0csebbndkajgn.scm.japaneast-01.azurewebsites.net" Content-Length="0" X-ARR-LOG-ID="dcf67f51-9a03-4ae5-8287-a3c16572b177" CLIENT-IP="172.183.103.122:19649" X-SITE-DEPLOYMENT-ID="chatbot-app-new" WAS-DEFAULT-HOSTNAME="chatbot-app-new-g6f0csebbndkajgn.scm.japaneast-01.azurewebsites.net" X-Forwarded-Proto="https" X-AppService-Proto="https" X-Forwarded-TlsVersion="1.3" X-WAWS-Unencoded-URL="/api/deployments/latest?deployer=OneDeploy&amp;time=2025-07-05_08-33-43Z" X-Client-IP="172.183.103.122" X-Client-Port="19649" >
  <step title="Cleanup Xml Logs" date="2025-07-05T08:34:30.542" >
    <step title="Cleanup Infos" date="2025-07-05T08:34:30.571" totalFiles="247" totalCleanup="87" /><!-- duration: 6ms -->
  </step><!-- duration: 55ms -->
  <step title="DeploymentService.GetResult" date="2025-07-05T08:34:30.877" >
    <step title="DeploymentService.GetLatestDeployment" date="2025-07-05T08:34:30.889" >
      <step title="DeploymentManager.GetResults" date="2025-07-05T08:34:30.895" /><!-- duration: 408ms -->
    </step><!-- duration: 427ms -->
  </step><!-- duration: 445ms -->
  <step title="Outgoing response" date="2025-07-05T08:34:31.328" type="response" statusCode="202" statusText="Accepted" /><!-- duration: 7ms -->
</step><!-- duration: 809ms -->
