<step title="Incoming Request" date="2025-07-05T10:31:55.453" instance="1e8efd" url="/api/publish?async=true&amp;deployer=GITHUB_ONE_DEPLOY&amp;type=zip&amp;message=%7B%22type%22%3A%22deployment%22%2C%22sha%22%3A%22feb745590b5bb563dca70f23ff3bb7816d9a2f43%22%2C%22repoName%22%3A%22Ayumu277%2Ffirst-chatbot%22%2C%22actor%22%3A%22Ayumu277%22%2C%22slotName%22%3A%22Production%22%2C%22commitMessage%22%3A%22Bind%20Next.js%20to%20Azure%20PORT%22%7D" method="POST" type="request" pid="770,1,19" Host="chatbot-app-new-g6f0csebbndkajgn.scm.japaneast-01.azurewebsites.net" User-Agent="GITHUBACTIONS_DeployWebAppToAzure_a0df8406eba08ee99bc38a6d5057acdb099dc770371e38ab0add4e46d3f0b63d" Authorization="Bea..." Content-Type="application/octet-stream" Cookie="ARRAffinity=1e8efd81b4645970fd27ae231faa7a976d2adeebc5d7764486e814ccf9926957;Path=/;HttpOnly;Secure;Domain=chatbot-app-new-g6f0csebbndkajgn.scm.japaneast-01.azurewebsites.net; ARRAffinitySameSite=1e8efd81b4645970fd27ae231faa7a976d2adeebc5d7764486e814ccf9926957;Path=/;HttpOnly;SameSite=None;Secure;Domain=chatbot-app-new-g6f0csebbndkajgn.scm.japaneast-01.azurewebsites.net" Transfer-Encoding="chunked" X-ARR-LOG-ID="1c16e54d-d449-46d5-b22e-2e36ecf5fe26" CLIENT-IP="52.234.41.210:19472" X-SITE-DEPLOYMENT-ID="chatbot-app-new" WAS-DEFAULT-HOSTNAME="chatbot-app-new-g6f0csebbndkajgn.scm.japaneast-01.azurewebsites.net" X-Forwarded-Proto="https" X-AppService-Proto="https" X-Forwarded-TlsVersion="1.3" X-WAWS-Unencoded-URL="/api/publish?async=true&amp;deployer=GITHUB_ONE_DEPLOY&amp;type=zip&amp;message=%7B%22type%22%3A%22deployment%22%2C%22sha%22%3A%22feb745590b5bb563dca70f23ff3bb7816d9a2f43%22%2C%22repoName%22%3A%22Ayumu277%2Ffirst-chatbot%22%2C%22actor%22%3A%22Ayumu277%22%2C%22slotName%22%3A%22Production%22%2C%22commitMessage%22%3A%22Bind%20Next.js%20to%20Azure%20PORT%22%7D" X-Client-IP="52.234.41.210" X-Client-Port="19472" >
  <step title="Cleanup Xml Logs" date="2025-07-05T10:31:55.459" >
    <step title="Cleanup Infos" date="2025-07-05T10:31:55.480" totalFiles="427" totalCleanup="267" /><!-- duration: 6ms -->
  </step><!-- duration: 35ms -->
  <step title="OneDeploy" date="2025-07-05T10:31:55.622" >
    <step title="None repository commit" date="2025-07-05T10:31:55.648" >
      <step title="Commit id: c93d4f79-0ed2-4c6c-8694-787d47e00adb" date="2025-07-05T10:31:55.653" Message="N/A" AuthorName="N/A" AuthorEmail="N/A" /><!-- duration: 6ms -->
    </step><!-- duration: 16ms -->
    <step title="Starting PushDeployAsync" date="2025-07-05T10:31:55.669" /><!-- duration: 5ms -->
    <step title="Removing node_modules symlink" date="2025-07-05T10:31:55.718" >
      <step title="Removing _del_node_modules symlink" date="2025-07-05T10:31:55.826" >
        <step title="Writing artifact to /tmp/zipdeploy/a5b21d7a-8da9-4fbf-a0e4-cfb627bba85d.zip" date="2025-07-05T10:31:55.886" >
          <step title="Writing multipart request body to /tmp/zipdeploy/a5b21d7a-8da9-4fbf-a0e4-cfb627bba85d.zip" date="2025-07-05T10:31:55.913" /><!-- duration: 21ms -->
        </step><!-- duration: 25811ms -->
        <step title="Start deployment in the background" date="2025-07-05T10:32:21.815" >
          <step title="Acquiring Deployment Lock" date="2025-07-05T10:32:22.614" /><!-- duration: 60ms -->
          <step title="Acquired Deployment Lock" date="2025-07-05T10:32:22.876" /><!-- duration: 39ms -->
        </step><!-- duration: 1635ms -->
      </step><!-- duration: 27693ms -->
      <step title="Outgoing response" date="2025-07-05T10:32:23.862" type="response" statusCode="202" statusText="Accepted" /><!-- duration: 11ms -->
    </step><!-- duration: 28175ms -->
