<step title="Incoming Request" date="2025-07-05T08:23:03.843" instance="1e8efd" url="/api/deployments/latest?deployer=OneDeploy&amp;time=2025-07-05_08-20-48Z" method="GET" type="request" pid="769,1,37" Host="chatbot-app-new-g6f0csebbndkajgn.scm.japaneast-01.azurewebsites.net" User-Agent="GITHUBACTIONS_DeployWebAppToAzure_a0df8406eba08ee99bc38a6d5057acdb099dc770371e38ab0add4e46d3f0b63d" Authorization="Bea..." Content-Type="application/json; charset=utf-8" Cookie="ARRAffinity=1e8efd81b4645970fd27ae231faa7a976d2adeebc5d7764486e814ccf9926957;Path=/;HttpOnly;Secure;Domain=chatbot-app-new-g6f0csebbndkajgn.scm.japaneast-01.azurewebsites.net; ARRAffinitySameSite=1e8efd81b4645970fd27ae231faa7a976d2adeebc5d7764486e814ccf9926957;Path=/;HttpOnly;SameSite=None;Secure;Domain=chatbot-app-new-g6f0csebbndkajgn.scm.japaneast-01.azurewebsites.net" Content-Length="0" X-ARR-LOG-ID="532e8132-7e34-496a-a5c5-f6532ee6a89e" CLIENT-IP="52.234.42.79:25984" X-SITE-DEPLOYMENT-ID="chatbot-app-new" WAS-DEFAULT-HOSTNAME="chatbot-app-new-g6f0csebbndkajgn.scm.japaneast-01.azurewebsites.net" X-Forwarded-Proto="https" X-AppService-Proto="https" X-Forwarded-TlsVersion="1.3" X-WAWS-Unencoded-URL="/api/deployments/latest?deployer=OneDeploy&amp;time=2025-07-05_08-20-48Z" X-Client-IP="52.234.42.79" X-Client-Port="25984" >
  <step title="Cleanup Xml Logs" date="2025-07-05T08:23:03.863" >
    <step title="Cleanup Infos" date="2025-07-05T08:23:03.922" totalFiles="223" totalCleanup="63" /><!-- duration: 12ms -->
  </step><!-- duration: 81ms -->
  <step title="DeploymentService.GetResult" date="2025-07-05T08:23:03.974" >
    <step title="DeploymentService.GetLatestDeployment" date="2025-07-05T08:23:03.992" >
      <step title="DeploymentManager.GetResults" date="2025-07-05T08:23:04.005" /><!-- duration: 560ms -->
    </step><!-- duration: 594ms -->
  </step><!-- duration: 624ms -->
  <step title="Outgoing response" date="2025-07-05T08:23:04.628" type="response" statusCode="202" statusText="Accepted" /><!-- duration: 11ms -->
</step><!-- duration: 816ms -->
