<step title="Incoming Request" date="2025-07-05T08:43:31.824" instance="1e8efd" url="/api/deployments/latest?deployer=OneDeploy&amp;time=2025-07-05_08-42-27Z" method="GET" type="request" pid="776,1,24" Host="chatbot-app-new-g6f0csebbndkajgn.scm.japaneast-01.azurewebsites.net" User-Agent="GITHUBACTIONS_DeployWebAppToAzure_a0df8406eba08ee99bc38a6d5057acdb099dc770371e38ab0add4e46d3f0b63d" Authorization="Bea..." Content-Type="application/json; charset=utf-8" Cookie="ARRAffinity=1e8efd81b4645970fd27ae231faa7a976d2adeebc5d7764486e814ccf9926957;Path=/;HttpOnly;Secure;Domain=chatbot-app-new-g6f0csebbndkajgn.scm.japaneast-01.azurewebsites.net; ARRAffinitySameSite=1e8efd81b4645970fd27ae231faa7a976d2adeebc5d7764486e814ccf9926957;Path=/;HttpOnly;SameSite=None;Secure;Domain=chatbot-app-new-g6f0csebbndkajgn.scm.japaneast-01.azurewebsites.net" Content-Length="0" X-ARR-LOG-ID="f470c8b5-b743-4c76-b598-bb21f917da56" CLIENT-IP="40.83.3.209:24450" X-SITE-DEPLOYMENT-ID="chatbot-app-new" WAS-DEFAULT-HOSTNAME="chatbot-app-new-g6f0csebbndkajgn.scm.japaneast-01.azurewebsites.net" X-Forwarded-Proto="https" X-AppService-Proto="https" X-Forwarded-TlsVersion="1.3" X-WAWS-Unencoded-URL="/api/deployments/latest?deployer=OneDeploy&amp;time=2025-07-05_08-42-27Z" X-Client-IP="40.83.3.209" X-Client-Port="24450" >
  <step title="Cleanup Xml Logs" date="2025-07-05T08:43:31.842" >
    <step title="Cleanup Infos" date="2025-07-05T08:43:31.886" totalFiles="282" totalCleanup="122" /><!-- duration: 10ms -->
  </step><!-- duration: 69ms -->
  <step title="DeploymentService.GetResult" date="2025-07-05T08:43:31.938" >
    <step title="DeploymentService.GetLatestDeployment" date="2025-07-05T08:43:31.951" >
      <step title="DeploymentManager.GetResults" date="2025-07-05T08:43:31.962" /><!-- duration: 1321ms -->
    </step><!-- duration: 1345ms -->
  </step><!-- duration: 1366ms -->
  <step title="Outgoing response" date="2025-07-05T08:43:33.312" type="response" statusCode="202" statusText="Accepted" /><!-- duration: 6ms -->
</step><!-- duration: 1499ms -->
