<step title="Incoming Request" date="2025-07-05T10:45:53.776" instance="1e8efd" url="/api/deployments/latest?deployer=OneDeploy&amp;time=2025-07-05_10-44-21Z" method="GET" type="request" pid="770,1,25" Host="chatbot-app-new-g6f0csebbndkajgn.scm.japaneast-01.azurewebsites.net" User-Agent="GITHUBACTIONS_DeployWebAppToAzure_a0df8406eba08ee99bc38a6d5057acdb099dc770371e38ab0add4e46d3f0b63d" Authorization="Bea..." Content-Type="application/json; charset=utf-8" Cookie="ARRAffinity=1e8efd81b4645970fd27ae231faa7a976d2adeebc5d7764486e814ccf9926957;Path=/;HttpOnly;Secure;Domain=chatbot-app-new-g6f0csebbndkajgn.scm.japaneast-01.azurewebsites.net; ARRAffinitySameSite=1e8efd81b4645970fd27ae231faa7a976d2adeebc5d7764486e814ccf9926957;Path=/;HttpOnly;SameSite=None;Secure;Domain=chatbot-app-new-g6f0csebbndkajgn.scm.japaneast-01.azurewebsites.net" Content-Length="0" X-ARR-LOG-ID="6a66e2d2-a7a8-48fa-b101-d7ea4cb85a9a" CLIENT-IP="20.25.192.115:34817" X-SITE-DEPLOYMENT-ID="chatbot-app-new" WAS-DEFAULT-HOSTNAME="chatbot-app-new-g6f0csebbndkajgn.scm.japaneast-01.azurewebsites.net" X-Forwarded-Proto="https" X-AppService-Proto="https" X-Forwarded-TlsVersion="1.3" X-WAWS-Unencoded-URL="/api/deployments/latest?deployer=OneDeploy&amp;time=2025-07-05_10-44-21Z" X-Client-IP="20.25.192.115" X-Client-Port="34817" >
  <step title="Cleanup Xml Logs" date="2025-07-05T10:45:53.787" >
    <step title="Cleanup Infos" date="2025-07-05T10:45:53.856" totalFiles="484" totalCleanup="324" /><!-- duration: 30ms -->
  </step><!-- duration: 111ms -->
  <step title="DeploymentService.GetResult" date="2025-07-05T10:45:53.997" >
    <step title="DeploymentService.GetLatestDeployment" date="2025-07-05T10:45:54.018" >
      <step title="DeploymentManager.GetResults" date="2025-07-05T10:45:54.029" /><!-- duration: 1147ms -->
    </step><!-- duration: 1188ms -->
  </step><!-- duration: 1227ms -->
  <step title="Outgoing response" date="2025-07-05T10:45:55.236" type="response" statusCode="202" statusText="Accepted" /><!-- duration: 18ms -->
</step><!-- duration: 1491ms -->
