<step title="Incoming Request" date="2025-07-05T10:44:35.920" instance="1e8efd" url="/api/deployments/latest?deployer=OneDeploy&amp;time=2025-07-05_10-44-21Z" method="GET" type="request" pid="770,1,31" Host="chatbot-app-new-g6f0csebbndkajgn.scm.japaneast-01.azurewebsites.net" User-Agent="GITHUBACTIONS_DeployWebAppToAzure_a0df8406eba08ee99bc38a6d5057acdb099dc770371e38ab0add4e46d3f0b63d" Authorization="Bea..." Content-Type="application/json; charset=utf-8" Cookie="ARRAffinity=1e8efd81b4645970fd27ae231faa7a976d2adeebc5d7764486e814ccf9926957;Path=/;HttpOnly;Secure;Domain=chatbot-app-new-g6f0csebbndkajgn.scm.japaneast-01.azurewebsites.net; ARRAffinitySameSite=1e8efd81b4645970fd27ae231faa7a976d2adeebc5d7764486e814ccf9926957;Path=/;HttpOnly;SameSite=None;Secure;Domain=chatbot-app-new-g6f0csebbndkajgn.scm.japaneast-01.azurewebsites.net" Content-Length="0" X-ARR-LOG-ID="7c5006c0-538c-456f-a272-0a32a6374c77" CLIENT-IP="20.25.192.115:34816" X-SITE-DEPLOYMENT-ID="chatbot-app-new" WAS-DEFAULT-HOSTNAME="chatbot-app-new-g6f0csebbndkajgn.scm.japaneast-01.azurewebsites.net" X-Forwarded-Proto="https" X-AppService-Proto="https" X-Forwarded-TlsVersion="1.3" X-WAWS-Unencoded-URL="/api/deployments/latest?deployer=OneDeploy&amp;time=2025-07-05_10-44-21Z" X-Client-IP="20.25.192.115" X-Client-Port="34816" >
  <step title="Cleanup Xml Logs" date="2025-07-05T10:44:35.940" >
    <step title="Cleanup Infos" date="2025-07-05T10:44:36.041" totalFiles="473" totalCleanup="313" /><!-- duration: 71ms -->
  </step><!-- duration: 183ms -->
  <step title="DeploymentService.GetResult" date="2025-07-05T10:44:36.182" >
    <step title="DeploymentService.GetLatestDeployment" date="2025-07-05T10:44:36.210" >
      <step title="DeploymentManager.GetResults" date="2025-07-05T10:44:36.217" /><!-- duration: 2146ms -->
    </step><!-- duration: 2193ms -->
  </step><!-- duration: 2233ms -->
  <step title="Outgoing response" date="2025-07-05T10:44:38.459" type="response" statusCode="202" statusText="Accepted" /><!-- duration: 6ms -->
</step><!-- duration: 2550ms -->
