<step title="BackgroundTrace" date="2025-07-05T07:53:18.328" instance="1e8efd" url="/api/publish" method="POST" >
  <step title="Cleanup Xml Logs" date="2025-07-05T07:53:18.357" /><!-- duration: 32ms -->
  <step title="Creating temporary deployment - FetchDeploymentManager" date="2025-07-05T07:53:18.709" /><!-- duration: 5ms -->
  <step title="Creating temporary deployment" date="2025-07-05T07:53:18.749" /><!-- duration: 213ms -->
  <step title="Performing fetch based deployment" date="2025-07-05T07:53:19.282" >
    <step title="Cleaning up temp folders from previous zip deployments and extracting pushed zip file /tmp/zipdeploy/108dd38b-86fa-4d47-bdf4-6104e32b8fe5.zip (401.46 MB) to /tmp/zipdeploy/extracted" date="2025-07-05T07:53:20.677" >
      <step title="ChmodRecursive Process exited with total time taken in ms: 159" date="2025-07-05T07:53:59.743" /><!-- duration: 8ms -->
    </step><!-- duration: 39087ms -->
    <step title="Deployment timer started" date="2025-07-05T07:54:01.872" >
      <step title="DeploymentManager.Deploy(id:37032336-211b-40fa-9c4c-da32ebddedeb)" date="2025-07-05T07:54:01.922" >
        <step title="Collecting changeset information" date="2025-07-05T07:54:02.043" /><!-- duration: 286ms -->
        <step title="Updating submodules" date="2025-07-05T07:54:02.344" /><!-- duration: 1244ms -->
        <step title="Determining deployment builder" date="2025-07-05T07:54:03.911" >
          <step title="Builder is OneDeployBuilder" date="2025-07-05T07:54:03.946" /><!-- duration: 5ms -->
        </step><!-- duration: 46ms -->
        <step title="PreDeployment: context.CleanOutputPath False" date="2025-07-05T07:54:04.092" >
          <step title="PreDeployment: context.OutputPath /home/site/wwwroot" date="2025-07-05T07:54:04.245" >
            <step title="Building" date="2025-07-05T07:54:04.420" >
              <step title="Executing external process" date="2025-07-05T07:54:05.226" type="process" path="starter.sh" arguments="/opt/Kudu/Scripts/absoluteTar.sh /tmp/zipdeploy/extracted/node_modules /tmp/zipdeploy/extracted/node_modules.tar.gz" >
                <step title="Cpu: gzip(947,41.030s)+sh(946,0.000s)+tar(945,2.140s)+absoluteTar.sh(944,0.010s)=total(43.170s)" date="2025-07-05T07:55:05.844" /><!-- duration: 28ms -->
                <step title="starter.sh: no io activity for 60s, prev-cpu=-1.000s, current-cpu=43.170s" date="2025-07-05T07:55:05.903" /><!-- duration: 32ms -->
                <step title="Cpu: gzip(947,83.500s)+sh(946,0.000s)+tar(945,3.810s)+absoluteTar.sh(944,0.010s)=total(87.320s)" date="2025-07-05T07:56:06.400" /><!-- duration: 51ms -->
                <step title="starter.sh: no io activity for 121s, prev-cpu=43.170s, current-cpu=87.320s" date="2025-07-05T07:56:06.481" /><!-- duration: 31ms -->
              </step><!-- duration: 160849ms -->
              <step title="Executing external process" date="2025-07-05T07:56:46.511" type="process" path="starter.sh" arguments="/opt/Kudu/Scripts/parallel_rsync.sh /tmp/zipdeploy/extracted /home/site/wwwroot 8 /tmp/ False False node_modules " /><!-- duration: 28133ms -->
              <step title="Modified file to trigger a restart of the app container." date="2025-07-05T07:57:16.597" /><!-- duration: 30ms -->
              <step title="Skip function trigger and logicapp sync because function is not enabled." date="2025-07-05T07:57:16.757" /><!-- duration: 30ms -->
            </step><!-- duration: 193935ms -->
          </step><!-- duration: 194140ms -->
          <step title="Cleaning up temp files" date="2025-07-05T07:57:18.397" /><!-- duration: 29ms -->
          <step title="Cleaning up temp files" date="2025-07-05T07:57:18.455" /><!-- duration: 554ms -->
          <step title="Reloading status file with latest updates" date="2025-07-05T07:57:19.119" >
            <step title="WebHooksManager.PublishEventAsync: PostDeployment" date="2025-07-05T07:57:19.140" /><!-- duration: 374ms -->
          </step><!-- duration: 412ms -->
          <step title="Cleaning up temporary deployment - fetch deployment was successful" date="2025-07-05T07:57:19.563" /><!-- duration: 29ms -->
        </step><!-- duration: 195612ms -->
      </step><!-- duration: 197852ms -->
