<step title="Incoming Request" date="2025-07-05T09:12:43.319" instance="1e8efd" url="/api/deployments/latest?deployer=OneDeploy&amp;time=2025-07-05_09-11-57Z" method="GET" type="request" pid="767,1,7" Host="chatbot-app-new-g6f0csebbndkajgn.scm.japaneast-01.azurewebsites.net" User-Agent="GITHUBACTIONS_DeployWebAppToAzure_a0df8406eba08ee99bc38a6d5057acdb099dc770371e38ab0add4e46d3f0b63d" Authorization="Bea..." Content-Type="application/json; charset=utf-8" Cookie="ARRAffinity=1e8efd81b4645970fd27ae231faa7a976d2adeebc5d7764486e814ccf9926957;Path=/;HttpOnly;Secure;Domain=chatbot-app-new-g6f0csebbndkajgn.scm.japaneast-01.azurewebsites.net; ARRAffinitySameSite=1e8efd81b4645970fd27ae231faa7a976d2adeebc5d7764486e814ccf9926957;Path=/;HttpOnly;SameSite=None;Secure;Domain=chatbot-app-new-g6f0csebbndkajgn.scm.japaneast-01.azurewebsites.net" Content-Length="0" X-ARR-LOG-ID="6bba6f45-31dc-4a2a-bb20-559aa7a068f7" CLIENT-IP="20.42.14.132:50177" X-SITE-DEPLOYMENT-ID="chatbot-app-new" WAS-DEFAULT-HOSTNAME="chatbot-app-new-g6f0csebbndkajgn.scm.japaneast-01.azurewebsites.net" X-Forwarded-Proto="https" X-AppService-Proto="https" X-Forwarded-TlsVersion="1.3" X-WAWS-Unencoded-URL="/api/deployments/latest?deployer=OneDeploy&amp;time=2025-07-05_09-11-57Z" X-Client-IP="20.42.14.132" X-Client-Port="50177" >
  <step title="Cleanup Xml Logs" date="2025-07-05T09:12:43.329" >
    <step title="Cleanup Infos" date="2025-07-05T09:12:43.363" totalFiles="313" totalCleanup="153" /><!-- duration: 5ms -->
  </step><!-- duration: 44ms -->
  <step title="DeploymentService.GetResult" date="2025-07-05T09:12:43.408" >
    <step title="DeploymentService.GetLatestDeployment" date="2025-07-05T09:12:43.419" >
      <step title="DeploymentManager.GetResults" date="2025-07-05T09:12:43.438" /><!-- duration: 1068ms -->
    </step><!-- duration: 1127ms -->
  </step><!-- duration: 1156ms -->
  <step title="Outgoing response" date="2025-07-05T09:12:44.586" type="response" statusCode="202" statusText="Accepted" /><!-- duration: 19ms -->
</step><!-- duration: 1325ms -->
