<step title="Incoming Request" date="2025-07-05T09:11:41.938" instance="1e8efd" url="/api/publish?async=true&amp;deployer=GITHUB_ONE_DEPLOY&amp;type=zip&amp;message=%7B%22type%22%3A%22deployment%22%2C%22sha%22%3A%22f1572b62ff03655289cd7e269bba960cf23745f0%22%2C%22repoName%22%3A%22Ayumu277%2Ffirst-chatbot%22%2C%22actor%22%3A%22Ayumu277%22%2C%22slotName%22%3A%22Production%22%2C%22commitMessage%22%3A%22Remove%20unnecessary%20Prisma%20client%20import%20from%20chat-store.ts%22%7D" method="POST" type="request" pid="767,1,3" Host="chatbot-app-new-g6f0csebbndkajgn.scm.japaneast-01.azurewebsites.net" User-Agent="GITHUBACTIONS_DeployWebAppToAzure_a0df8406eba08ee99bc38a6d5057acdb099dc770371e38ab0add4e46d3f0b63d" Authorization="Bea..." Content-Type="application/octet-stream" Cookie="ARRAffinity=1e8efd81b4645970fd27ae231faa7a976d2adeebc5d7764486e814ccf9926957;Path=/;HttpOnly;Secure;Domain=chatbot-app-new-g6f0csebbndkajgn.scm.japaneast-01.azurewebsites.net; ARRAffinitySameSite=1e8efd81b4645970fd27ae231faa7a976d2adeebc5d7764486e814ccf9926957;Path=/;HttpOnly;SameSite=None;Secure;Domain=chatbot-app-new-g6f0csebbndkajgn.scm.japaneast-01.azurewebsites.net" Transfer-Encoding="chunked" X-ARR-LOG-ID="b1fccce4-43b4-4380-a3a6-4194626cf263" CLIENT-IP="20.42.14.132:50177" X-SITE-DEPLOYMENT-ID="chatbot-app-new" WAS-DEFAULT-HOSTNAME="chatbot-app-new-g6f0csebbndkajgn.scm.japaneast-01.azurewebsites.net" X-Forwarded-Proto="https" X-AppService-Proto="https" X-Forwarded-TlsVersion="1.3" X-WAWS-Unencoded-URL="/api/publish?async=true&amp;deployer=GITHUB_ONE_DEPLOY&amp;type=zip&amp;message=%7B%22type%22%3A%22deployment%22%2C%22sha%22%3A%22f1572b62ff03655289cd7e269bba960cf23745f0%22%2C%22repoName%22%3A%22Ayumu277%2Ffirst-chatbot%22%2C%22actor%22%3A%22Ayumu277%22%2C%22slotName%22%3A%22Production%22%2C%22commitMessage%22%3A%22Remove%20unnecessary%20Prisma%20client%20import%20from%20chat-store.ts%22%7D" X-Client-IP="20.42.14.132" X-Client-Port="50177" >
  <step title="Cleanup Xml Logs" date="2025-07-05T09:11:41.950" >
    <step title="Cleanup Infos" date="2025-07-05T09:11:42.001" totalFiles="305" totalCleanup="145" /><!-- duration: 28ms -->
  </step><!-- duration: 90ms -->
  <step title="OneDeploy" date="2025-07-05T09:11:42.301" >
    <step title="None repository commit" date="2025-07-05T09:11:42.372" >
      <step title="Commit id: f5b6de36-c230-4f0f-868e-7434a477da31" date="2025-07-05T09:11:42.392" Message="N/A" AuthorName="N/A" AuthorEmail="N/A" /><!-- duration: 21ms -->
    </step><!-- duration: 59ms -->
    <step title="Starting PushDeployAsync" date="2025-07-05T09:11:42.451" /><!-- duration: 11ms -->
    <step title="Removing node_modules symlink" date="2025-07-05T09:11:42.543" >
      <step title="Removing _del_node_modules symlink" date="2025-07-05T09:11:42.756" >
        <step title="Writing artifact to /tmp/zipdeploy/3c816d80-bfa8-465c-957e-862ded996110.zip" date="2025-07-05T09:11:42.874" >
          <step title="Writing multipart request body to /tmp/zipdeploy/3c816d80-bfa8-465c-957e-862ded996110.zip" date="2025-07-05T09:11:42.894" /><!-- duration: 22ms -->
        </step><!-- duration: 13963ms -->
        <step title="Start deployment in the background" date="2025-07-05T09:11:56.880" >
          <step title="Acquiring Deployment Lock" date="2025-07-05T09:11:57.464" /><!-- duration: 17ms -->
          <step title="Acquired Deployment Lock" date="2025-07-05T09:11:57.546" /><!-- duration: 6ms -->
        </step><!-- duration: 828ms -->
      </step><!-- duration: 14974ms -->
      <step title="Outgoing response" date="2025-07-05T09:11:57.749" type="response" statusCode="202" statusText="Accepted" /><!-- duration: 5ms -->
    </step><!-- duration: 15216ms -->
