<step title="Incoming Request" date="2025-07-05T10:46:38.337" instance="1e8efd" url="/api/deployments/latest?deployer=OneDeploy&amp;time=2025-07-05_10-44-21Z" method="GET" type="request" pid="770,1,15" Host="chatbot-app-new-g6f0csebbndkajgn.scm.japaneast-01.azurewebsites.net" User-Agent="GITHUBACTIONS_DeployWebAppToAzure_a0df8406eba08ee99bc38a6d5057acdb099dc770371e38ab0add4e46d3f0b63d" Authorization="Bea..." Content-Type="application/json; charset=utf-8" Cookie="ARRAffinity=1e8efd81b4645970fd27ae231faa7a976d2adeebc5d7764486e814ccf9926957;Path=/;HttpOnly;Secure;Domain=chatbot-app-new-g6f0csebbndkajgn.scm.japaneast-01.azurewebsites.net; ARRAffinitySameSite=1e8efd81b4645970fd27ae231faa7a976d2adeebc5d7764486e814ccf9926957;Path=/;HttpOnly;SameSite=None;Secure;Domain=chatbot-app-new-g6f0csebbndkajgn.scm.japaneast-01.azurewebsites.net" Content-Length="0" X-ARR-LOG-ID="6bbc9b43-3e3d-447f-9e99-0dd37443d6d1" CLIENT-IP="20.25.192.115:34817" X-SITE-DEPLOYMENT-ID="chatbot-app-new" WAS-DEFAULT-HOSTNAME="chatbot-app-new-g6f0csebbndkajgn.scm.japaneast-01.azurewebsites.net" X-Forwarded-Proto="https" X-AppService-Proto="https" X-Forwarded-TlsVersion="1.3" X-WAWS-Unencoded-URL="/api/deployments/latest?deployer=OneDeploy&amp;time=2025-07-05_10-44-21Z" X-Client-IP="20.25.192.115" X-Client-Port="34817" >
  <step title="Cleanup Xml Logs" date="2025-07-05T10:46:38.349" >
    <step title="Cleanup Infos" date="2025-07-05T10:46:38.487" totalFiles="490" totalCleanup="330" /><!-- duration: 22ms -->
  </step><!-- duration: 199ms -->
  <step title="DeploymentService.GetResult" date="2025-07-05T10:46:38.589" >
    <step title="DeploymentService.GetLatestDeployment" date="2025-07-05T10:46:38.611" >
      <step title="DeploymentManager.GetResults" date="2025-07-05T10:46:38.639" /><!-- duration: 1640ms -->
    </step><!-- duration: 1720ms -->
  </step><!-- duration: 1789ms -->
  <step title="Outgoing response" date="2025-07-05T10:46:40.421" type="response" statusCode="202" statusText="Accepted" /><!-- duration: 21ms -->
</step><!-- duration: 2143ms -->
