<step title="Incoming Request" date="2025-07-05T06:34:40.902" instance="1e8efd" url="/api/publish?async=true&amp;deployer=GITHUB_ONE_DEPLOY&amp;type=zip&amp;message=%7B%22type%22%3A%22deployment%22%2C%22sha%22%3A%2259be378b26f33f5ee778fd344fcae52ed20d2d91%22%2C%22repoName%22%3A%22Ayumu277%2Ffirst-chatbot%22%2C%22actor%22%3A%22Ayumu277%22%2C%22slotName%22%3A%22Production%22%2C%22commitMessage%22%3A%22Add%20or%20update%20the%20Azure%20App%20Service%20build%20and%20deployment%20workflow%20config%22%7D" method="POST" type="request" pid="770,1,5" Host="chatbot-app-new-g6f0csebbndkajgn.scm.japaneast-01.azurewebsites.net" User-Agent="GITHUBACTIONS_DeployWebAppToAzure_a0df8406eba08ee99bc38a6d5057acdb099dc770371e38ab0add4e46d3f0b63d" Authorization="Bea..." Content-Type="application/octet-stream" Cookie="ARRAffinity=1e8efd81b4645970fd27ae231faa7a976d2adeebc5d7764486e814ccf9926957;Path=/;HttpOnly;Secure;Domain=chatbot-app-new-g6f0csebbndkajgn.scm.japaneast-01.azurewebsites.net; ARRAffinitySameSite=1e8efd81b4645970fd27ae231faa7a976d2adeebc5d7764486e814ccf9926957;Path=/;HttpOnly;SameSite=None;Secure;Domain=chatbot-app-new-g6f0csebbndkajgn.scm.japaneast-01.azurewebsites.net" Transfer-Encoding="chunked" X-ARR-LOG-ID="a89a4695-b6eb-4cf5-8946-ad6913a2bcc6" CLIENT-IP="172.200.183.160:47616" X-SITE-DEPLOYMENT-ID="chatbot-app-new" WAS-DEFAULT-HOSTNAME="chatbot-app-new-g6f0csebbndkajgn.scm.japaneast-01.azurewebsites.net" X-Forwarded-Proto="https" X-AppService-Proto="https" X-Forwarded-TlsVersion="1.3" X-WAWS-Unencoded-URL="/api/publish?async=true&amp;deployer=GITHUB_ONE_DEPLOY&amp;type=zip&amp;message=%7B%22type%22%3A%22deployment%22%2C%22sha%22%3A%2259be378b26f33f5ee778fd344fcae52ed20d2d91%22%2C%22repoName%22%3A%22Ayumu277%2Ffirst-chatbot%22%2C%22actor%22%3A%22Ayumu277%22%2C%22slotName%22%3A%22Production%22%2C%22commitMessage%22%3A%22Add%20or%20update%20the%20Azure%20App%20Service%20build%20and%20deployment%20workflow%20config%22%7D" X-Client-IP="172.200.183.160" X-Client-Port="47616" >
  <step title="Cleanup Xml Logs" date="2025-07-05T06:34:40.913" /><!-- duration: 28ms -->
  <step title="OneDeploy" date="2025-07-05T06:34:41.437" >
    <step title="None repository commit" date="2025-07-05T06:34:41.457" >
      <step title="Commit id: fa546d94-10e0-44b0-b23d-96d4de7107ba" date="2025-07-05T06:34:41.463" Message="N/A" AuthorName="N/A" AuthorEmail="N/A" /><!-- duration: 5ms -->
    </step><!-- duration: 16ms -->
    <step title="Starting PushDeployAsync" date="2025-07-05T06:34:41.480" /><!-- duration: 5ms -->
    <step title="Writing artifact to /tmp/zipdeploy/b492b5f3-6489-47f3-bfa0-a5dd0c426412.zip" date="2025-07-05T06:34:41.509" >
      <step title="Writing multipart request body to /tmp/zipdeploy/b492b5f3-6489-47f3-bfa0-a5dd0c426412.zip" date="2025-07-05T06:34:41.520" /><!-- duration: 22ms -->
    </step><!-- duration: 33999ms -->
    <step title="Start deployment in the background" date="2025-07-05T06:35:15.635" >
      <step title="Acquiring Deployment Lock" date="2025-07-05T06:35:15.760" /><!-- duration: 40ms -->
      <step title="Acquired Deployment Lock" date="2025-07-05T06:35:15.941" /><!-- duration: 5ms -->
    </step><!-- duration: 491ms -->
  </step><!-- duration: 34700ms -->
  <step title="Outgoing response" date="2025-07-05T06:35:16.156" type="response" statusCode="202" statusText="Accepted" /><!-- duration: 5ms -->
</step><!-- duration: 35266ms -->
