<step title="Incoming Request" date="2025-07-05T09:57:25.502" instance="1e8efd" url="/api/deployments/latest?deployer=OneDeploy&amp;time=2025-07-05_09-54-07Z" method="GET" type="request" pid="768,1,31" Host="chatbot-app-new-g6f0csebbndkajgn.scm.japaneast-01.azurewebsites.net" User-Agent="GITHUBACTIONS_DeployWebAppToAzure_a0df8406eba08ee99bc38a6d5057acdb099dc770371e38ab0add4e46d3f0b63d" Authorization="Bea..." Content-Type="application/json; charset=utf-8" Cookie="ARRAffinity=1e8efd81b4645970fd27ae231faa7a976d2adeebc5d7764486e814ccf9926957;Path=/;HttpOnly;Secure;Domain=chatbot-app-new-g6f0csebbndkajgn.scm.japaneast-01.azurewebsites.net; ARRAffinitySameSite=1e8efd81b4645970fd27ae231faa7a976d2adeebc5d7764486e814ccf9926957;Path=/;HttpOnly;SameSite=None;Secure;Domain=chatbot-app-new-g6f0csebbndkajgn.scm.japaneast-01.azurewebsites.net" Content-Length="0" X-ARR-LOG-ID="7bd94268-fdf6-4518-bffa-65fb7e135d40" CLIENT-IP="52.234.41.208:60353" X-SITE-DEPLOYMENT-ID="chatbot-app-new" WAS-DEFAULT-HOSTNAME="chatbot-app-new-g6f0csebbndkajgn.scm.japaneast-01.azurewebsites.net" X-Forwarded-Proto="https" X-AppService-Proto="https" X-Forwarded-TlsVersion="1.3" X-WAWS-Unencoded-URL="/api/deployments/latest?deployer=OneDeploy&amp;time=2025-07-05_09-54-07Z" X-Client-IP="52.234.41.208" X-Client-Port="60353" >
  <step title="Cleanup Xml Logs" date="2025-07-05T09:57:25.556" >
    <step title="Cleanup Infos" date="2025-07-05T09:57:25.673" totalFiles="370" totalCleanup="210" /><!-- duration: 63ms -->
  </step><!-- duration: 299ms -->
  <step title="DeploymentService.GetResult" date="2025-07-05T09:57:25.938" >
    <step title="DeploymentService.GetLatestDeployment" date="2025-07-05T09:57:25.975" >
      <step title="DeploymentManager.GetResults" date="2025-07-05T09:57:25.987" /><!-- duration: 1758ms -->
    </step><!-- duration: 1833ms -->
  </step><!-- duration: 1901ms -->
  <step title="Outgoing response" date="2025-07-05T09:57:27.898" type="response" statusCode="202" statusText="Accepted" /><!-- duration: 20ms -->
</step><!-- duration: 2464ms -->
