<step title="Incoming Request" date="2025-07-05T08:20:36.087" instance="1e8efd" url="/api/publish?async=true&amp;deployer=GITHUB_ONE_DEPLOY&amp;type=zip&amp;message=%7B%22type%22%3A%22deployment%22%2C%22sha%22%3A%22872677384da2919a7b98f78f16609aeb5be86de9%22%2C%22repoName%22%3A%22Ayumu277%2Ffirst-chatbot%22%2C%22actor%22%3A%22Ayumu277%22%2C%22slotName%22%3A%22Production%22%2C%22commitMessage%22%3A%22Add%20test%20server%20to%20diagnose%20Azure%20App%20Service%20issues%22%7D" method="POST" type="request" pid="769,1,34" Host="chatbot-app-new-g6f0csebbndkajgn.scm.japaneast-01.azurewebsites.net" User-Agent="GITHUBACTIONS_DeployWebAppToAzure_a0df8406eba08ee99bc38a6d5057acdb099dc770371e38ab0add4e46d3f0b63d" Authorization="Bea..." Content-Type="application/octet-stream" Cookie="ARRAffinity=1e8efd81b4645970fd27ae231faa7a976d2adeebc5d7764486e814ccf9926957;Path=/;HttpOnly;Secure;Domain=chatbot-app-new-g6f0csebbndkajgn.scm.japaneast-01.azurewebsites.net; ARRAffinitySameSite=1e8efd81b4645970fd27ae231faa7a976d2adeebc5d7764486e814ccf9926957;Path=/;HttpOnly;SameSite=None;Secure;Domain=chatbot-app-new-g6f0csebbndkajgn.scm.japaneast-01.azurewebsites.net" Transfer-Encoding="chunked" X-ARR-LOG-ID="8f337d82-7f70-4cb1-a838-ef9c72fda2dc" CLIENT-IP="52.234.42.79:25984" X-SITE-DEPLOYMENT-ID="chatbot-app-new" WAS-DEFAULT-HOSTNAME="chatbot-app-new-g6f0csebbndkajgn.scm.japaneast-01.azurewebsites.net" X-Forwarded-Proto="https" X-AppService-Proto="https" X-Forwarded-TlsVersion="1.3" X-WAWS-Unencoded-URL="/api/publish?async=true&amp;deployer=GITHUB_ONE_DEPLOY&amp;type=zip&amp;message=%7B%22type%22%3A%22deployment%22%2C%22sha%22%3A%22872677384da2919a7b98f78f16609aeb5be86de9%22%2C%22repoName%22%3A%22Ayumu277%2Ffirst-chatbot%22%2C%22actor%22%3A%22Ayumu277%22%2C%22slotName%22%3A%22Production%22%2C%22commitMessage%22%3A%22Add%20test%20server%20to%20diagnose%20Azure%20App%20Service%20issues%22%7D" X-Client-IP="52.234.42.79" X-Client-Port="25984" >
  <step title="Cleanup Xml Logs" date="2025-07-05T08:20:36.093" >
    <step title="Cleanup Infos" date="2025-07-05T08:20:36.108" totalFiles="201" totalCleanup="41" /><!-- duration: 5ms -->
  </step><!-- duration: 29ms -->
  <step title="OneDeploy" date="2025-07-05T08:20:36.176" >
    <step title="Starting PushDeployAsync" date="2025-07-05T08:20:36.196" /><!-- duration: 5ms -->
    <step title="Removing node_modules symlink" date="2025-07-05T08:20:36.229" >
      <step title="Removing _del_node_modules symlink" date="2025-07-05T08:20:36.433" >
        <step title="Writing artifact to /tmp/zipdeploy/f78e5152-8caf-43d9-ae66-7785f0365419.zip" date="2025-07-05T08:20:36.509" >
          <step title="Writing multipart request body to /tmp/zipdeploy/f78e5152-8caf-43d9-ae66-7785f0365419.zip" date="2025-07-05T08:20:36.520" /><!-- duration: 18ms -->
        </step><!-- duration: 11773ms -->
        <step title="Start deployment in the background" date="2025-07-05T08:20:48.309" >
          <step title="Acquiring Deployment Lock" date="2025-07-05T08:20:48.384" /><!-- duration: 6ms -->
          <step title="Acquired Deployment Lock" date="2025-07-05T08:20:48.429" /><!-- duration: 5ms -->
        </step><!-- duration: 254ms -->
      </step><!-- duration: 12139ms -->
      <step title="Outgoing response" date="2025-07-05T08:20:48.590" type="response" statusCode="202" statusText="Accepted" /><!-- duration: 14ms -->
    </step><!-- duration: 12381ms -->
