<step title="Incoming Request" date="2025-07-05T08:36:47.569" instance="1e8efd" url="/api/deployments/latest?deployer=OneDeploy&amp;time=2025-07-05_08-33-43Z" method="GET" type="request" pid="776,1,23" Host="chatbot-app-new-g6f0csebbndkajgn.scm.japaneast-01.azurewebsites.net" User-Agent="GITHUBACTIONS_DeployWebAppToAzure_a0df8406eba08ee99bc38a6d5057acdb099dc770371e38ab0add4e46d3f0b63d" Authorization="Bea..." Content-Type="application/json; charset=utf-8" Cookie="ARRAffinity=1e8efd81b4645970fd27ae231faa7a976d2adeebc5d7764486e814ccf9926957;Path=/;HttpOnly;Secure;Domain=chatbot-app-new-g6f0csebbndkajgn.scm.japaneast-01.azurewebsites.net; ARRAffinitySameSite=1e8efd81b4645970fd27ae231faa7a976d2adeebc5d7764486e814ccf9926957;Path=/;HttpOnly;SameSite=None;Secure;Domain=chatbot-app-new-g6f0csebbndkajgn.scm.japaneast-01.azurewebsites.net" Content-Length="0" X-ARR-LOG-ID="080abee2-7d81-429a-9a81-ac9de0f20516" CLIENT-IP="172.183.103.122:19649" X-SITE-DEPLOYMENT-ID="chatbot-app-new" WAS-DEFAULT-HOSTNAME="chatbot-app-new-g6f0csebbndkajgn.scm.japaneast-01.azurewebsites.net" X-Forwarded-Proto="https" X-AppService-Proto="https" X-Forwarded-TlsVersion="1.3" X-WAWS-Unencoded-URL="/api/deployments/latest?deployer=OneDeploy&amp;time=2025-07-05_08-33-43Z" X-Client-IP="172.183.103.122" X-Client-Port="19649" >
  <step title="Cleanup Xml Logs" date="2025-07-05T08:36:47.599" >
    <step title="Cleanup Infos" date="2025-07-05T08:36:47.894" totalFiles="267" totalCleanup="107" /><!-- duration: 28ms -->
  </step><!-- duration: 345ms -->
  <step title="DeploymentService.GetResult" date="2025-07-05T08:36:48.174" >
    <step title="DeploymentService.GetLatestDeployment" date="2025-07-05T08:36:48.202" >
      <step title="DeploymentManager.GetResults" date="2025-07-05T08:36:48.283" /><!-- duration: 1884ms -->
    </step><!-- duration: 1991ms -->
  </step><!-- duration: 2031ms -->
  <step title="Outgoing response" date="2025-07-05T08:36:50.215" type="response" statusCode="202" statusText="Accepted" /><!-- duration: 46ms -->
</step><!-- duration: 2714ms -->
