<step title="BackgroundTrace" date="2025-07-05T07:22:01.741" instance="1e8efd" url="/api/publish" method="POST" >
  <step title="Cleanup Xml Logs" date="2025-07-05T07:22:01.769" /><!-- duration: 43ms -->
  <step title="Creating temporary deployment - FetchDeploymentManager" date="2025-07-05T07:22:02.142" /><!-- duration: 10ms -->
  <step title="Creating temporary deployment" date="2025-07-05T07:22:02.172" /><!-- duration: 312ms -->
  <step title="Performing fetch based deployment" date="2025-07-05T07:22:02.827" >
    <step title="Cleaning up temp folders from previous zip deployments and extracting pushed zip file /tmp/zipdeploy/1553c63e-763b-4976-a592-3203e5c2c54a.zip (401.46 MB) to /tmp/zipdeploy/extracted" date="2025-07-05T07:22:04.354" >
      <step title="ChmodRecursive Process exited with total time taken in ms: 916" date="2025-07-05T07:23:02.741" /><!-- duration: 14ms -->
    </step><!-- duration: 58412ms -->
    <step title="Deployment timer started" date="2025-07-05T07:23:04.803" >
      <step title="DeploymentManager.Deploy(id:f5370c43-0cb6-4ad7-a251-90d1222fb88c)" date="2025-07-05T07:23:04.819" >
        <step title="Collecting changeset information" date="2025-07-05T07:23:04.870" /><!-- duration: 150ms -->
        <step title="Updating submodules" date="2025-07-05T07:23:05.030" /><!-- duration: 1147ms -->
        <step title="Determining deployment builder" date="2025-07-05T07:23:06.431" >
          <step title="Builder is OneDeployBuilder" date="2025-07-05T07:23:06.464" /><!-- duration: 7ms -->
        </step><!-- duration: 45ms -->
        <step title="PreDeployment: context.CleanOutputPath False" date="2025-07-05T07:23:06.540" >
          <step title="PreDeployment: context.OutputPath /home/site/wwwroot" date="2025-07-05T07:23:06.657" >
            <step title="Building" date="2025-07-05T07:23:06.800" >
              <step title="Executing external process" date="2025-07-05T07:23:07.622" type="process" path="starter.sh" arguments="/opt/Kudu/Scripts/absoluteTar.sh /tmp/zipdeploy/extracted/node_modules /tmp/zipdeploy/extracted/node_modules.tar.gz" >
                <step title="Cpu: gzip(1146,43.460s)+sh(1145,0.000s)+tar(1144,2.230s)+absoluteTar.sh(1143,0.010s)=total(45.620s)" date="2025-07-05T07:24:08.383" /><!-- duration: 6ms -->
                <step title="starter.sh: no io activity for 60s, prev-cpu=-1.000s, current-cpu=45.620s" date="2025-07-05T07:24:08.428" /><!-- duration: 31ms -->
                <step title="Cpu: gzip(1146,86.000s)+sh(1145,0.000s)+tar(1144,3.770s)+absoluteTar.sh(1143,0.010s)=total(89.780s)" date="2025-07-05T07:25:08.916" /><!-- duration: 20ms -->
                <step title="starter.sh: no io activity for 121s, prev-cpu=45.620s, current-cpu=89.780s" date="2025-07-05T07:25:08.957" /><!-- duration: 28ms -->
              </step><!-- duration: 145782ms -->
              <step title="Executing external process" date="2025-07-05T07:25:33.764" type="process" path="starter.sh" arguments="/opt/Kudu/Scripts/parallel_rsync.sh /tmp/zipdeploy/extracted /home/site/wwwroot 8 /tmp/ False False node_modules " /><!-- duration: 20381ms -->
              <step title="Modified file to trigger a restart of the app container." date="2025-07-05T07:25:55.439" /><!-- duration: 8ms -->
              <step title="Skip function trigger and logicapp sync because function is not enabled." date="2025-07-05T07:25:55.486" /><!-- duration: 18ms -->
            </step><!-- duration: 169332ms -->
          </step><!-- duration: 169484ms -->
          <step title="Cleaning up temp files" date="2025-07-05T07:25:56.145" /><!-- duration: 14ms -->
          <step title="Cleaning up temp files" date="2025-07-05T07:25:56.177" /><!-- duration: 512ms -->
          <step title="Reloading status file with latest updates" date="2025-07-05T07:25:56.720" >
            <step title="WebHooksManager.PublishEventAsync: PostDeployment" date="2025-07-05T07:25:56.737" /><!-- duration: 99ms -->
          </step><!-- duration: 121ms -->
          <step title="Cleaning up temporary deployment - fetch deployment was successful" date="2025-07-05T07:25:56.851" /><!-- duration: 7ms -->
        </step><!-- duration: 170416ms -->
      </step><!-- duration: 172164ms -->
