<step title="Incoming Request" date="2025-07-05T10:46:01.060" instance="1e8efd" url="/api/deployments/latest?deployer=OneDeploy&amp;time=2025-07-05_10-44-21Z" method="GET" type="request" pid="770,1,25" Host="chatbot-app-new-g6f0csebbndkajgn.scm.japaneast-01.azurewebsites.net" User-Agent="GITHUBACTIONS_DeployWebAppToAzure_a0df8406eba08ee99bc38a6d5057acdb099dc770371e38ab0add4e46d3f0b63d" Authorization="Bea..." Content-Type="application/json; charset=utf-8" Cookie="ARRAffinity=1e8efd81b4645970fd27ae231faa7a976d2adeebc5d7764486e814ccf9926957;Path=/;HttpOnly;Secure;Domain=chatbot-app-new-g6f0csebbndkajgn.scm.japaneast-01.azurewebsites.net; ARRAffinitySameSite=1e8efd81b4645970fd27ae231faa7a976d2adeebc5d7764486e814ccf9926957;Path=/;HttpOnly;SameSite=None;Secure;Domain=chatbot-app-new-g6f0csebbndkajgn.scm.japaneast-01.azurewebsites.net" Content-Length="0" X-ARR-LOG-ID="67219c0e-4409-4f98-8cc4-965fb5b5565f" CLIENT-IP="20.25.192.115:34816" X-SITE-DEPLOYMENT-ID="chatbot-app-new" WAS-DEFAULT-HOSTNAME="chatbot-app-new-g6f0csebbndkajgn.scm.japaneast-01.azurewebsites.net" X-Forwarded-Proto="https" X-AppService-Proto="https" X-Forwarded-TlsVersion="1.3" X-WAWS-Unencoded-URL="/api/deployments/latest?deployer=OneDeploy&amp;time=2025-07-05_10-44-21Z" X-Client-IP="20.25.192.115" X-Client-Port="34816" >
  <step title="Cleanup Xml Logs" date="2025-07-05T10:46:01.071" >
    <step title="Cleanup Infos" date="2025-07-05T10:46:01.121" totalFiles="485" totalCleanup="325" /><!-- duration: 18ms -->
  </step><!-- duration: 79ms -->
  <step title="DeploymentService.GetResult" date="2025-07-05T10:46:01.189" >
    <step title="DeploymentService.GetLatestDeployment" date="2025-07-05T10:46:01.200" >
      <step title="DeploymentManager.GetResults" date="2025-07-05T10:46:01.220" /><!-- duration: 1416ms -->
    </step><!-- duration: 1465ms -->
  </step><!-- duration: 1517ms -->
  <step title="Outgoing response" date="2025-07-05T10:46:02.776" type="response" statusCode="202" statusText="Accepted" /><!-- duration: 21ms -->
</step><!-- duration: 1876ms -->
