<step title="BackgroundTrace" date="2025-07-05T08:42:26.298" instance="1e8efd" url="/api/publish" method="POST" >
  <step title="Cleanup Xml Logs" date="2025-07-05T08:42:26.311" >
    <step title="Cleanup Infos" date="2025-07-05T08:42:26.362" totalFiles="272" totalCleanup="112" /><!-- duration: 30ms -->
  </step><!-- duration: 86ms -->
  <step title="Creating temporary deployment - FetchDeploymentManager" date="2025-07-05T08:42:26.825" /><!-- duration: 18ms -->
  <step title="Creating temporary deployment" date="2025-07-05T08:42:26.855" /><!-- duration: 261ms -->
  <step title="Performing fetch based deployment" date="2025-07-05T08:42:28.004" >
    <step title="Cleaning up temp folders from previous zip deployments and extracting pushed zip file /tmp/zipdeploy/1319f5bc-189c-4977-97df-1a7721f803ef.zip (317.15 MB) to /tmp/zipdeploy/extracted" date="2025-07-05T08:42:30.153" >
      <step title="ChmodRecursive Process exited with total time taken in ms: 326" date="2025-07-05T08:43:28.417" /><!-- duration: 7ms -->
    </step><!-- duration: 58294ms -->
    <step title="Deployment timer started" date="2025-07-05T08:43:30.466" >
      <step title="DeploymentManager.Deploy(id:cc0af542-c641-429a-aba6-ce1fc21bd8ea)" date="2025-07-05T08:43:30.480" >
        <step title="Collecting changeset information" date="2025-07-05T08:43:30.544" /><!-- duration: 118ms -->
        <step title="Updating submodules" date="2025-07-05T08:43:30.673" /><!-- duration: 1171ms -->
        <step title="Determining deployment builder" date="2025-07-05T08:43:32.108" >
          <step title="Builder is OneDeployBuilder" date="2025-07-05T08:43:32.158" /><!-- duration: 6ms -->
        </step><!-- duration: 62ms -->
        <step title="PreDeployment: context.CleanOutputPath False" date="2025-07-05T08:43:32.223" >
          <step title="PreDeployment: context.OutputPath /home/site/wwwroot" date="2025-07-05T08:43:32.347" >
            <step title="Building" date="2025-07-05T08:43:32.488" >
              <step title="Executing external process" date="2025-07-05T08:43:33.753" type="process" path="starter.sh" arguments="/opt/Kudu/Scripts/absoluteTar.sh /tmp/zipdeploy/extracted/node_modules /tmp/zipdeploy/extracted/node_modules.tar.gz" >
                <step title="Cpu: gzip(1036,39.520s)+sh(1035,0.000s)+tar(1034,2.810s)+absoluteTar.sh(1033,0.020s)=total(42.350s)" date="2025-07-05T08:44:34.773" /><!-- duration: 27ms -->
                <step title="starter.sh: no io activity for 61s, prev-cpu=-1.000s, current-cpu=42.350s" date="2025-07-05T08:44:34.833" /><!-- duration: 40ms -->
              </step><!-- duration: 110389ms -->
              <step title="Executing external process" date="2025-07-05T08:45:24.472" type="process" path="starter.sh" arguments="/opt/Kudu/Scripts/parallel_rsync.sh /tmp/zipdeploy/extracted /home/site/wwwroot 8 /tmp/ False False node_modules " /><!-- duration: 16686ms -->
              <step title="Modified file to trigger a restart of the app container." date="2025-07-05T08:45:42.067" /><!-- duration: 5ms -->
              <step title="Skip function trigger and logicapp sync because function is not enabled." date="2025-07-05T08:45:42.086" /><!-- duration: 20ms -->
            </step><!-- duration: 130501ms -->
          </step><!-- duration: 130657ms -->
          <step title="Cleaning up temp files" date="2025-07-05T08:45:43.009" /><!-- duration: 39ms -->
          <step title="Cleaning up temp files" date="2025-07-05T08:45:43.059" /><!-- duration: 507ms -->
          <step title="Reloading status file with latest updates" date="2025-07-05T08:45:43.641" >
            <step title="WebHooksManager.PublishEventAsync: PostDeployment" date="2025-07-05T08:45:43.648" /><!-- duration: 59ms -->
          </step><!-- duration: 72ms -->
          <step title="Cleaning up temporary deployment - fetch deployment was successful" date="2025-07-05T08:45:43.725" /><!-- duration: 5ms -->
        </step><!-- duration: 131595ms -->
      </step><!-- duration: 133367ms -->
