<step title="Incoming Request" date="2025-07-05T10:44:01.759" instance="1e8efd" url="/api/publish?async=true&amp;deployer=GITHUB_ONE_DEPLOY&amp;type=zip&amp;message=%7B%22type%22%3A%22deployment%22%2C%22sha%22%3A%22ff961d3aec6c1400ac496a2cc9f12fd81d7cc5c4%22%2C%22repoName%22%3A%22Ayumu277%2Ffirst-chatbot%22%2C%22actor%22%3A%22Ayumu277%22%2C%22slotName%22%3A%22Production%22%2C%22commitMessage%22%3A%22Fix%20PORT%20environment%20variable%20handling%20for%20Azure%20App%20Service%22%7D" method="POST" type="request" pid="770,1,29" Host="chatbot-app-new-g6f0csebbndkajgn.scm.japaneast-01.azurewebsites.net" User-Agent="GITHUBACTIONS_DeployWebAppToAzure_a0df8406eba08ee99bc38a6d5057acdb099dc770371e38ab0add4e46d3f0b63d" Authorization="Bea..." Content-Type="application/octet-stream" Cookie="ARRAffinity=1e8efd81b4645970fd27ae231faa7a976d2adeebc5d7764486e814ccf9926957;Path=/;HttpOnly;Secure;Domain=chatbot-app-new-g6f0csebbndkajgn.scm.japaneast-01.azurewebsites.net; ARRAffinitySameSite=1e8efd81b4645970fd27ae231faa7a976d2adeebc5d7764486e814ccf9926957;Path=/;HttpOnly;SameSite=None;Secure;Domain=chatbot-app-new-g6f0csebbndkajgn.scm.japaneast-01.azurewebsites.net" Transfer-Encoding="chunked" X-ARR-LOG-ID="8fd45c2f-3ce3-4621-b910-bde8b747f924" CLIENT-IP="20.25.192.115:34816" X-SITE-DEPLOYMENT-ID="chatbot-app-new" WAS-DEFAULT-HOSTNAME="chatbot-app-new-g6f0csebbndkajgn.scm.japaneast-01.azurewebsites.net" X-Forwarded-Proto="https" X-AppService-Proto="https" X-Forwarded-TlsVersion="1.3" X-WAWS-Unencoded-URL="/api/publish?async=true&amp;deployer=GITHUB_ONE_DEPLOY&amp;type=zip&amp;message=%7B%22type%22%3A%22deployment%22%2C%22sha%22%3A%22ff961d3aec6c1400ac496a2cc9f12fd81d7cc5c4%22%2C%22repoName%22%3A%22Ayumu277%2Ffirst-chatbot%22%2C%22actor%22%3A%22Ayumu277%22%2C%22slotName%22%3A%22Production%22%2C%22commitMessage%22%3A%22Fix%20PORT%20environment%20variable%20handling%20for%20Azure%20App%20Service%22%7D" X-Client-IP="20.25.192.115" X-Client-Port="34816" >
  <step title="Cleanup Xml Logs" date="2025-07-05T10:44:01.788" >
    <step title="Cleanup Infos" date="2025-07-05T10:44:01.851" totalFiles="469" totalCleanup="309" /><!-- duration: 37ms -->
  </step><!-- duration: 121ms -->
  <step title="OneDeploy" date="2025-07-05T10:44:01.992" >
    <step title="Starting PushDeployAsync" date="2025-07-05T10:44:02.050" /><!-- duration: 20ms -->
    <step title="Removing node_modules symlink" date="2025-07-05T10:44:02.143" >
      <step title="Writing artifact to /tmp/zipdeploy/09db31c1-3883-4a04-bf78-e8439a0d4ab0.zip" date="2025-07-05T10:44:02.364" >
        <step title="Writing multipart request body to /tmp/zipdeploy/09db31c1-3883-4a04-bf78-e8439a0d4ab0.zip" date="2025-07-05T10:44:02.391" /><!-- duration: 20ms -->
      </step><!-- duration: 18658ms -->
      <step title="Start deployment in the background" date="2025-07-05T10:44:21.132" >
        <step title="Acquiring Deployment Lock" date="2025-07-05T10:44:21.273" /><!-- duration: 16ms -->
        <step title="Acquired Deployment Lock" date="2025-07-05T10:44:21.333" /><!-- duration: 13ms -->
      </step><!-- duration: 337ms -->
    </step><!-- duration: 19336ms -->
    <step title="Outgoing response" date="2025-07-05T10:44:21.492" type="response" statusCode="202" statusText="Accepted" /><!-- duration: 5ms -->
  </step><!-- duration: 19510ms -->
