<step title="Incoming Request" date="2025-07-05T08:04:34.480" instance="1e8efd" url="/api/publish?async=true&amp;deployer=GITHUB_ONE_DEPLOY&amp;type=zip&amp;message=%7B%22type%22%3A%22deployment%22%2C%22sha%22%3A%226cca952edbf564f580fce8dd5a3cb300a17b7601%22%2C%22repoName%22%3A%22Ayumu277%2Ffirst-chatbot%22%2C%22actor%22%3A%22Ayumu277%22%2C%22slotName%22%3A%22Production%22%2C%22commitMessage%22%3A%22Update%20Next.js%20to%20version%2014.2.5%20and%20fix%20start%20script%22%7D" method="POST" type="request" pid="769,1,5" Host="chatbot-app-new-g6f0csebbndkajgn.scm.japaneast-01.azurewebsites.net" User-Agent="GITHUBACTIONS_DeployWebAppToAzure_a0df8406eba08ee99bc38a6d5057acdb099dc770371e38ab0add4e46d3f0b63d" Authorization="Bea..." Content-Type="application/octet-stream" Cookie="ARRAffinity=1e8efd81b4645970fd27ae231faa7a976d2adeebc5d7764486e814ccf9926957;Path=/;HttpOnly;Secure;Domain=chatbot-app-new-g6f0csebbndkajgn.scm.japaneast-01.azurewebsites.net; ARRAffinitySameSite=1e8efd81b4645970fd27ae231faa7a976d2adeebc5d7764486e814ccf9926957;Path=/;HttpOnly;SameSite=None;Secure;Domain=chatbot-app-new-g6f0csebbndkajgn.scm.japaneast-01.azurewebsites.net" Transfer-Encoding="chunked" X-ARR-LOG-ID="2167e0d4-aa5a-4676-9902-eec35e398e42" CLIENT-IP="40.83.3.217:47176" X-SITE-DEPLOYMENT-ID="chatbot-app-new" WAS-DEFAULT-HOSTNAME="chatbot-app-new-g6f0csebbndkajgn.scm.japaneast-01.azurewebsites.net" X-Forwarded-Proto="https" X-AppService-Proto="https" X-Forwarded-TlsVersion="1.3" X-WAWS-Unencoded-URL="/api/publish?async=true&amp;deployer=GITHUB_ONE_DEPLOY&amp;type=zip&amp;message=%7B%22type%22%3A%22deployment%22%2C%22sha%22%3A%226cca952edbf564f580fce8dd5a3cb300a17b7601%22%2C%22repoName%22%3A%22Ayumu277%2Ffirst-chatbot%22%2C%22actor%22%3A%22Ayumu277%22%2C%22slotName%22%3A%22Production%22%2C%22commitMessage%22%3A%22Update%20Next.js%20to%20version%2014.2.5%20and%20fix%20start%20script%22%7D" X-Client-IP="40.83.3.217" X-Client-Port="47176" >
  <step title="Cleanup Xml Logs" date="2025-07-05T08:04:34.486" /><!-- duration: 12ms -->
  <step title="OneDeploy" date="2025-07-05T08:04:34.528" >
    <step title="Starting PushDeployAsync" date="2025-07-05T08:04:34.554" /><!-- duration: 6ms -->
    <step title="Removing node_modules symlink" date="2025-07-05T08:04:34.665" >
      <step title="Writing artifact to /tmp/zipdeploy/de6205f6-b7dc-499b-be5e-835639d67d7b.zip" date="2025-07-05T08:04:34.800" >
        <step title="Writing multipart request body to /tmp/zipdeploy/de6205f6-b7dc-499b-be5e-835639d67d7b.zip" date="2025-07-05T08:04:34.817" /><!-- duration: 10ms -->
      </step><!-- duration: 13628ms -->
      <step title="Start deployment in the background" date="2025-07-05T08:04:48.485" >
        <step title="Acquiring Deployment Lock" date="2025-07-05T08:04:48.565" /><!-- duration: 8ms -->
        <step title="Acquired Deployment Lock" date="2025-07-05T08:04:48.638" /><!-- duration: 10ms -->
      </step><!-- duration: 306ms -->
    </step><!-- duration: 14139ms -->
    <step title="Outgoing response" date="2025-07-05T08:04:48.811" type="response" statusCode="202" statusText="Accepted" /><!-- duration: 6ms -->
  </step><!-- duration: 14294ms -->
