<step title="Incoming Request" date="2025-07-05T07:21:46.077" instance="1e8efd" url="/api/publish?async=true&amp;deployer=GITHUB_ONE_DEPLOY&amp;type=zip&amp;message=%7B%22type%22%3A%22deployment%22%2C%22sha%22%3A%226447312ce079034055547879d4077bd5f2c59e69%22%2C%22repoName%22%3A%22Ayumu277%2Ffirst-chatbot%22%2C%22actor%22%3A%22Ayumu277%22%2C%22slotName%22%3A%22Production%22%2C%22commitMessage%22%3A%22Remove%20old%20workflow%20file%20and%20fix%20package.json%20PORT%20issue%22%7D" method="POST" type="request" pid="769,1,7" Host="chatbot-app-new-g6f0csebbndkajgn.scm.japaneast-01.azurewebsites.net" User-Agent="GITHUBACTIONS_DeployWebAppToAzure_a0df8406eba08ee99bc38a6d5057acdb099dc770371e38ab0add4e46d3f0b63d" Authorization="Bea..." Content-Type="application/octet-stream" Cookie="ARRAffinity=1e8efd81b4645970fd27ae231faa7a976d2adeebc5d7764486e814ccf9926957;Path=/;HttpOnly;Secure;Domain=chatbot-app-new-g6f0csebbndkajgn.scm.japaneast-01.azurewebsites.net; ARRAffinitySameSite=1e8efd81b4645970fd27ae231faa7a976d2adeebc5d7764486e814ccf9926957;Path=/;HttpOnly;SameSite=None;Secure;Domain=chatbot-app-new-g6f0csebbndkajgn.scm.japaneast-01.azurewebsites.net" Transfer-Encoding="chunked" X-ARR-LOG-ID="77a62c8a-7c9a-44db-897c-d955127f6536" CLIENT-IP="52.176.138.153:35016" X-SITE-DEPLOYMENT-ID="chatbot-app-new" WAS-DEFAULT-HOSTNAME="chatbot-app-new-g6f0csebbndkajgn.scm.japaneast-01.azurewebsites.net" X-Forwarded-Proto="https" X-AppService-Proto="https" X-Forwarded-TlsVersion="1.3" X-WAWS-Unencoded-URL="/api/publish?async=true&amp;deployer=GITHUB_ONE_DEPLOY&amp;type=zip&amp;message=%7B%22type%22%3A%22deployment%22%2C%22sha%22%3A%226447312ce079034055547879d4077bd5f2c59e69%22%2C%22repoName%22%3A%22Ayumu277%2Ffirst-chatbot%22%2C%22actor%22%3A%22Ayumu277%22%2C%22slotName%22%3A%22Production%22%2C%22commitMessage%22%3A%22Remove%20old%20workflow%20file%20and%20fix%20package.json%20PORT%20issue%22%7D" X-Client-IP="52.176.138.153" X-Client-Port="35016" >
  <step title="Cleanup Xml Logs" date="2025-07-05T07:21:46.084" /><!-- duration: 14ms -->
  <step title="OneDeploy" date="2025-07-05T07:21:46.236" >
    <step title="None repository commit" date="2025-07-05T07:21:46.262" >
      <step title="Commit id: f5370c43-0cb6-4ad7-a251-90d1222fb88c" date="2025-07-05T07:21:46.267" Message="N/A" AuthorName="N/A" AuthorEmail="N/A" /><!-- duration: 5ms -->
    </step><!-- duration: 16ms -->
    <step title="Starting PushDeployAsync" date="2025-07-05T07:21:46.284" /><!-- duration: 5ms -->
    <step title="Removing node_modules symlink" date="2025-07-05T07:21:46.322" >
      <step title="Removing _del_node_modules symlink" date="2025-07-05T07:21:46.478" >
        <step title="Writing artifact to /tmp/zipdeploy/1553c63e-763b-4976-a592-3203e5c2c54a.zip" date="2025-07-05T07:21:46.550" >
          <step title="Writing multipart request body to /tmp/zipdeploy/1553c63e-763b-4976-a592-3203e5c2c54a.zip" date="2025-07-05T07:21:46.578" /><!-- duration: 6ms -->
        </step><!-- duration: 15028ms -->
        <step title="Start deployment in the background" date="2025-07-05T07:22:01.719" >
          <step title="Acquiring Deployment Lock" date="2025-07-05T07:22:01.903" /><!-- duration: 21ms -->
          <step title="Acquired Deployment Lock" date="2025-07-05T07:22:02.114" /><!-- duration: 10ms -->
        </step><!-- duration: 786ms -->
      </step><!-- duration: 16109ms -->
      <step title="Outgoing response" date="2025-07-05T07:22:02.696" type="response" statusCode="202" statusText="Accepted" /><!-- duration: 31ms -->
    </step><!-- duration: 16434ms -->
