<step title="Incoming Request" date="2025-07-05T08:20:54.726" instance="1e8efd" url="/api/deployments/latest?deployer=OneDeploy&amp;time=2025-07-05_08-20-48Z" method="GET" type="request" pid="769,1,37" Host="chatbot-app-new-g6f0csebbndkajgn.scm.japaneast-01.azurewebsites.net" User-Agent="GITHUBACTIONS_DeployWebAppToAzure_a0df8406eba08ee99bc38a6d5057acdb099dc770371e38ab0add4e46d3f0b63d" Authorization="Bea..." Content-Type="application/json; charset=utf-8" Cookie="ARRAffinity=1e8efd81b4645970fd27ae231faa7a976d2adeebc5d7764486e814ccf9926957;Path=/;HttpOnly;Secure;Domain=chatbot-app-new-g6f0csebbndkajgn.scm.japaneast-01.azurewebsites.net; ARRAffinitySameSite=1e8efd81b4645970fd27ae231faa7a976d2adeebc5d7764486e814ccf9926957;Path=/;HttpOnly;SameSite=None;Secure;Domain=chatbot-app-new-g6f0csebbndkajgn.scm.japaneast-01.azurewebsites.net" Content-Length="0" X-ARR-LOG-ID="2beb0857-fc74-4ee0-a0b1-8852c8583acd" CLIENT-IP="52.234.42.79:25985" X-SITE-DEPLOYMENT-ID="chatbot-app-new" WAS-DEFAULT-HOSTNAME="chatbot-app-new-g6f0csebbndkajgn.scm.japaneast-01.azurewebsites.net" X-Forwarded-Proto="https" X-AppService-Proto="https" X-Forwarded-TlsVersion="1.3" X-WAWS-Unencoded-URL="/api/deployments/latest?deployer=OneDeploy&amp;time=2025-07-05_08-20-48Z" X-Client-IP="52.234.42.79" X-Client-Port="25985" >
  <step title="Cleanup Xml Logs" date="2025-07-05T08:20:54.738" >
    <step title="Cleanup Infos" date="2025-07-05T08:20:54.779" totalFiles="204" totalCleanup="44" /><!-- duration: 20ms -->
  </step><!-- duration: 78ms -->
  <step title="DeploymentService.GetResult" date="2025-07-05T08:20:54.868" >
    <step title="DeploymentService.GetLatestDeployment" date="2025-07-05T08:20:54.880" >
      <step title="DeploymentManager.GetResults" date="2025-07-05T08:20:54.898" /><!-- duration: 614ms -->
    </step><!-- duration: 642ms -->
  </step><!-- duration: 672ms -->
  <step title="Outgoing response" date="2025-07-05T08:20:55.580" type="response" statusCode="202" statusText="Accepted" /><!-- duration: 14ms -->
</step><!-- duration: 873ms -->
