<step title="Incoming Request" date="2025-07-05T08:33:22.351" instance="1e8efd" url="/api/publish?async=true&amp;deployer=GITHUB_ONE_DEPLOY&amp;type=zip&amp;message=%7B%22type%22%3A%22deployment%22%2C%22sha%22%3A%22725bfd244ba596c7b74365637cf1d9feaf74a16e%22%2C%22repoName%22%3A%22Ayumu277%2Ffirst-chatbot%22%2C%22actor%22%3A%22Ayumu277%22%2C%22slotName%22%3A%22Production%22%2C%22commitMessage%22%3A%22Switch%20back%20to%20Next.js%20application%20-%20Azure%20App%20Service%20environment%20confirmed%20working%22%7D" method="POST" type="request" pid="776,1,5" Host="chatbot-app-new-g6f0csebbndkajgn.scm.japaneast-01.azurewebsites.net" User-Agent="GITHUBACTIONS_DeployWebAppToAzure_a0df8406eba08ee99bc38a6d5057acdb099dc770371e38ab0add4e46d3f0b63d" Authorization="Bea..." Content-Type="application/octet-stream" Cookie="ARRAffinity=1e8efd81b4645970fd27ae231faa7a976d2adeebc5d7764486e814ccf9926957;Path=/;HttpOnly;Secure;Domain=chatbot-app-new-g6f0csebbndkajgn.scm.japaneast-01.azurewebsites.net; ARRAffinitySameSite=1e8efd81b4645970fd27ae231faa7a976d2adeebc5d7764486e814ccf9926957;Path=/;HttpOnly;SameSite=None;Secure;Domain=chatbot-app-new-g6f0csebbndkajgn.scm.japaneast-01.azurewebsites.net" Transfer-Encoding="chunked" X-ARR-LOG-ID="88f8e71e-0dd0-41b6-b3c9-f38101ce7ff0" CLIENT-IP="172.183.103.122:19648" X-SITE-DEPLOYMENT-ID="chatbot-app-new" WAS-DEFAULT-HOSTNAME="chatbot-app-new-g6f0csebbndkajgn.scm.japaneast-01.azurewebsites.net" X-Forwarded-Proto="https" X-AppService-Proto="https" X-Forwarded-TlsVersion="1.3" X-WAWS-Unencoded-URL="/api/publish?async=true&amp;deployer=GITHUB_ONE_DEPLOY&amp;type=zip&amp;message=%7B%22type%22%3A%22deployment%22%2C%22sha%22%3A%22725bfd244ba596c7b74365637cf1d9feaf74a16e%22%2C%22repoName%22%3A%22Ayumu277%2Ffirst-chatbot%22%2C%22actor%22%3A%22Ayumu277%22%2C%22slotName%22%3A%22Production%22%2C%22commitMessage%22%3A%22Switch%20back%20to%20Next.js%20application%20-%20Azure%20App%20Service%20environment%20confirmed%20working%22%7D" X-Client-IP="172.183.103.122" X-Client-Port="19648" >
  <step title="Cleanup Xml Logs" date="2025-07-05T08:33:22.370" >
    <step title="Cleanup Infos" date="2025-07-05T08:33:22.459" totalFiles="238" totalCleanup="78" /><!-- duration: 62ms -->
  </step><!-- duration: 191ms -->
  <step title="OneDeploy" date="2025-07-05T08:33:24.634" >
    <step title="None repository commit" date="2025-07-05T08:33:24.827" >
      <step title="Commit id: bfc54d43-1db9-4d5c-a964-5d8c460c4b6b" date="2025-07-05T08:33:24.856" Message="N/A" AuthorName="N/A" AuthorEmail="N/A" /><!-- duration: 30ms -->
    </step><!-- duration: 77ms -->
    <step title="Starting PushDeployAsync" date="2025-07-05T08:33:24.917" /><!-- duration: 30ms -->
    <step title="Removing node_modules symlink" date="2025-07-05T08:33:25.128" >
      <step title="Removing _del_node_modules symlink" date="2025-07-05T08:33:25.642" >
        <step title="Writing artifact to /tmp/zipdeploy/b50d7379-8602-4d29-972a-c26ac5632f67.zip" date="2025-07-05T08:33:25.902" >
          <step title="Writing multipart request body to /tmp/zipdeploy/b50d7379-8602-4d29-972a-c26ac5632f67.zip" date="2025-07-05T08:33:25.991" /><!-- duration: 70ms -->
        </step><!-- duration: 16930ms -->
        <step title="Start deployment in the background" date="2025-07-05T08:33:43.052" >
          <step title="Acquiring Deployment Lock" date="2025-07-05T08:33:43.228" /><!-- duration: 11ms -->
          <step title="Acquired Deployment Lock" date="2025-07-05T08:33:43.328" /><!-- duration: 10ms -->
        </step><!-- duration: 513ms -->
      </step><!-- duration: 17966ms -->
      <step title="Outgoing response" date="2025-07-05T08:33:43.638" type="response" statusCode="202" statusText="Accepted" /><!-- duration: 12ms -->
    </step><!-- duration: 18532ms -->
