<step title="Incoming Request" date="2025-07-05T10:36:24.868" instance="1e8efd" url="/api/deployments/latest?deployer=OneDeploy&amp;time=2025-07-05_10-32-23Z" method="GET" type="request" pid="770,1,24" Host="chatbot-app-new-g6f0csebbndkajgn.scm.japaneast-01.azurewebsites.net" User-Agent="GITHUBACTIONS_DeployWebAppToAzure_a0df8406eba08ee99bc38a6d5057acdb099dc770371e38ab0add4e46d3f0b63d" Authorization="Bea..." Content-Type="application/json; charset=utf-8" Cookie="ARRAffinity=1e8efd81b4645970fd27ae231faa7a976d2adeebc5d7764486e814ccf9926957;Path=/;HttpOnly;Secure;Domain=chatbot-app-new-g6f0csebbndkajgn.scm.japaneast-01.azurewebsites.net; ARRAffinitySameSite=1e8efd81b4645970fd27ae231faa7a976d2adeebc5d7764486e814ccf9926957;Path=/;HttpOnly;SameSite=None;Secure;Domain=chatbot-app-new-g6f0csebbndkajgn.scm.japaneast-01.azurewebsites.net" Content-Length="0" X-ARR-LOG-ID="d75a732e-2ecc-4e63-bc4d-5703bb141133" CLIENT-IP="52.234.41.210:19472" X-SITE-DEPLOYMENT-ID="chatbot-app-new" WAS-DEFAULT-HOSTNAME="chatbot-app-new-g6f0csebbndkajgn.scm.japaneast-01.azurewebsites.net" X-Forwarded-Proto="https" X-AppService-Proto="https" X-Forwarded-TlsVersion="1.3" X-WAWS-Unencoded-URL="/api/deployments/latest?deployer=OneDeploy&amp;time=2025-07-05_10-32-23Z" X-Client-IP="52.234.41.210" X-Client-Port="19472" >
  <step title="Cleanup Xml Logs" date="2025-07-05T10:36:24.905" >
    <step title="Cleanup Infos" date="2025-07-05T10:36:25.078" totalFiles="463" totalCleanup="303" /><!-- duration: 49ms -->
  </step><!-- duration: 233ms -->
  <step title="DeploymentService.GetResult" date="2025-07-05T10:36:25.178" >
    <step title="DeploymentService.GetLatestDeployment" date="2025-07-05T10:36:25.189" >
      <step title="DeploymentManager.GetResults" date="2025-07-05T10:36:25.207" /><!-- duration: 1057ms -->
    </step><!-- duration: 1116ms -->
  </step><!-- duration: 1155ms -->
  <step title="Outgoing response" date="2025-07-05T10:36:26.354" type="response" statusCode="202" statusText="Accepted" /><!-- duration: 22ms -->
</step><!-- duration: 1518ms -->
