<step title="Incoming Request" date="2025-07-05T09:53:48.676" instance="1e8efd" url="/api/publish?async=true&amp;deployer=GITHUB_ONE_DEPLOY&amp;type=zip&amp;message=%7B%22type%22%3A%22deployment%22%2C%22sha%22%3A%22cdabe41f021215d54c39ca90882c542581f0dd44%22%2C%22repoName%22%3A%22Ayumu277%2Ffirst-chatbot%22%2C%22actor%22%3A%22Ayumu277%22%2C%22slotName%22%3A%22Production%22%2C%22commitMessage%22%3A%22Upgrade%20to%20Next.js%2015%20and%20fix%20API%20route%20params%20for%20new%20async%20handling%22%7D" method="POST" type="request" pid="768,1,34" Host="chatbot-app-new-g6f0csebbndkajgn.scm.japaneast-01.azurewebsites.net" User-Agent="GITHUBACTIONS_DeployWebAppToAzure_a0df8406eba08ee99bc38a6d5057acdb099dc770371e38ab0add4e46d3f0b63d" Authorization="Bea..." Content-Type="application/octet-stream" Cookie="ARRAffinity=1e8efd81b4645970fd27ae231faa7a976d2adeebc5d7764486e814ccf9926957;Path=/;HttpOnly;Secure;Domain=chatbot-app-new-g6f0csebbndkajgn.scm.japaneast-01.azurewebsites.net; ARRAffinitySameSite=1e8efd81b4645970fd27ae231faa7a976d2adeebc5d7764486e814ccf9926957;Path=/;HttpOnly;SameSite=None;Secure;Domain=chatbot-app-new-g6f0csebbndkajgn.scm.japaneast-01.azurewebsites.net" Transfer-Encoding="chunked" X-ARR-LOG-ID="ccdd4a61-c376-42e3-a47e-d97fff7bd884" CLIENT-IP="52.234.41.208:60352" X-SITE-DEPLOYMENT-ID="chatbot-app-new" WAS-DEFAULT-HOSTNAME="chatbot-app-new-g6f0csebbndkajgn.scm.japaneast-01.azurewebsites.net" X-Forwarded-Proto="https" X-AppService-Proto="https" X-Forwarded-TlsVersion="1.3" X-WAWS-Unencoded-URL="/api/publish?async=true&amp;deployer=GITHUB_ONE_DEPLOY&amp;type=zip&amp;message=%7B%22type%22%3A%22deployment%22%2C%22sha%22%3A%22cdabe41f021215d54c39ca90882c542581f0dd44%22%2C%22repoName%22%3A%22Ayumu277%2Ffirst-chatbot%22%2C%22actor%22%3A%22Ayumu277%22%2C%22slotName%22%3A%22Production%22%2C%22commitMessage%22%3A%22Upgrade%20to%20Next.js%2015%20and%20fix%20API%20route%20params%20for%20new%20async%20handling%22%7D" X-Client-IP="52.234.41.208" X-Client-Port="60352" >
  <step title="Cleanup Xml Logs" date="2025-07-05T09:53:48.683" >
    <step title="Cleanup Infos" date="2025-07-05T09:53:48.703" totalFiles="339" totalCleanup="179" /><!-- duration: 9ms -->
  </step><!-- duration: 34ms -->
  <step title="OneDeploy" date="2025-07-05T09:53:48.823" >
    <step title="None repository commit" date="2025-07-05T09:53:48.849" >
      <step title="Commit id: fb398f08-3c58-409b-a666-fce438853d19" date="2025-07-05T09:53:48.854" Message="N/A" AuthorName="N/A" AuthorEmail="N/A" /><!-- duration: 4ms -->
    </step><!-- duration: 14ms -->
    <step title="Starting PushDeployAsync" date="2025-07-05T09:53:48.868" /><!-- duration: 4ms -->
    <step title="Removing node_modules symlink" date="2025-07-05T09:53:48.915" >
      <step title="Removing _del_node_modules symlink" date="2025-07-05T09:53:49.065" >
        <step title="Writing artifact to /tmp/zipdeploy/25327615-504d-451c-b440-814bd43947d0.zip" date="2025-07-05T09:53:49.103" >
          <step title="Writing multipart request body to /tmp/zipdeploy/25327615-504d-451c-b440-814bd43947d0.zip" date="2025-07-05T09:53:49.154" /><!-- duration: 21ms -->
        </step><!-- duration: 18371ms -->
        <step title="Start deployment in the background" date="2025-07-05T09:54:07.505" >
          <step title="Acquiring Deployment Lock" date="2025-07-05T09:54:07.558" /><!-- duration: 12ms -->
          <step title="Acquired Deployment Lock" date="2025-07-05T09:54:07.627" /><!-- duration: 5ms -->
        </step><!-- duration: 243ms -->
      </step><!-- duration: 18696ms -->
      <step title="Outgoing response" date="2025-07-05T09:54:07.779" type="response" statusCode="202" statusText="Accepted" /><!-- duration: 5ms -->
    </step><!-- duration: 18876ms -->
