<step title="Incoming Request" date="2025-07-05T08:35:31.425" instance="1e8efd" url="/api/deployments/latest?deployer=OneDeploy&amp;time=2025-07-05_08-33-43Z" method="GET" type="request" pid="776,1,15" Host="chatbot-app-new-g6f0csebbndkajgn.scm.japaneast-01.azurewebsites.net" User-Agent="GITHUBACTIONS_DeployWebAppToAzure_a0df8406eba08ee99bc38a6d5057acdb099dc770371e38ab0add4e46d3f0b63d" Authorization="Bea..." Content-Type="application/json; charset=utf-8" Cookie="ARRAffinity=1e8efd81b4645970fd27ae231faa7a976d2adeebc5d7764486e814ccf9926957;Path=/;HttpOnly;Secure;Domain=chatbot-app-new-g6f0csebbndkajgn.scm.japaneast-01.azurewebsites.net; ARRAffinitySameSite=1e8efd81b4645970fd27ae231faa7a976d2adeebc5d7764486e814ccf9926957;Path=/;HttpOnly;SameSite=None;Secure;Domain=chatbot-app-new-g6f0csebbndkajgn.scm.japaneast-01.azurewebsites.net" Content-Length="0" X-ARR-LOG-ID="96a31fb9-751a-46a9-8fb1-bb124ab2debb" CLIENT-IP="172.183.103.122:19648" X-SITE-DEPLOYMENT-ID="chatbot-app-new" WAS-DEFAULT-HOSTNAME="chatbot-app-new-g6f0csebbndkajgn.scm.japaneast-01.azurewebsites.net" X-Forwarded-Proto="https" X-AppService-Proto="https" X-Forwarded-TlsVersion="1.3" X-WAWS-Unencoded-URL="/api/deployments/latest?deployer=OneDeploy&amp;time=2025-07-05_08-33-43Z" X-Client-IP="172.183.103.122" X-Client-Port="19648" >
  <step title="Cleanup Xml Logs" date="2025-07-05T08:35:31.451" >
    <step title="Cleanup Infos" date="2025-07-05T08:35:31.497" totalFiles="256" totalCleanup="96" /><!-- duration: 18ms -->
  </step><!-- duration: 77ms -->
  <step title="DeploymentService.GetResult" date="2025-07-05T08:35:31.557" >
    <step title="DeploymentService.GetLatestDeployment" date="2025-07-05T08:35:31.567" >
      <step title="DeploymentManager.GetResults" date="2025-07-05T08:35:31.578" /><!-- duration: 559ms -->
    </step><!-- duration: 580ms -->
  </step><!-- duration: 595ms -->
  <step title="Outgoing response" date="2025-07-05T08:35:32.177" type="response" statusCode="202" statusText="Accepted" /><!-- duration: 12ms -->
</step><!-- duration: 782ms -->
