<step title="BackgroundTrace" date="2025-07-05T08:20:48.325" instance="1e8efd" url="/api/publish" method="POST" >
  <step title="Cleanup Xml Logs" date="2025-07-05T08:20:48.332" >
    <step title="Cleanup Infos" date="2025-07-05T08:20:48.346" totalFiles="202" totalCleanup="42" /><!-- duration: 14ms -->
  </step><!-- duration: 35ms -->
  <step title="Creating temporary deployment - FetchDeploymentManager" date="2025-07-05T08:20:48.439" /><!-- duration: 5ms -->
  <step title="Creating temporary deployment" date="2025-07-05T08:20:48.450" /><!-- duration: 104ms -->
  <step title="Performing fetch based deployment" date="2025-07-05T08:20:48.629" >
    <step title="Cleaning up temp folders from previous zip deployments and extracting pushed zip file /tmp/zipdeploy/f78e5152-8caf-43d9-ae66-7785f0365419.zip (317.15 MB) to /tmp/zipdeploy/extracted" date="2025-07-05T08:20:49.798" >
      <step title="ChmodRecursive Process exited with total time taken in ms: 38" date="2025-07-05T08:21:28.564" /><!-- duration: 32ms -->
    </step><!-- duration: 38817ms -->
    <step title="Deployment timer started" date="2025-07-05T08:21:30.678" >
      <step title="DeploymentManager.Deploy(id:9a4c5f2d-73bb-4b47-b16f-9a0c17f29670)" date="2025-07-05T08:21:30.691" >
        <step title="Collecting changeset information" date="2025-07-05T08:21:30.711" /><!-- duration: 342ms -->
        <step title="Updating submodules" date="2025-07-05T08:21:31.068" /><!-- duration: 1123ms -->
        <step title="Determining deployment builder" date="2025-07-05T08:21:32.415" >
          <step title="Builder is OneDeployBuilder" date="2025-07-05T08:21:32.456" /><!-- duration: 5ms -->
        </step><!-- duration: 55ms -->
        <step title="PreDeployment: context.CleanOutputPath False" date="2025-07-05T08:21:32.543" >
          <step title="PreDeployment: context.OutputPath /home/site/wwwroot" date="2025-07-05T08:21:32.655" >
            <step title="Building" date="2025-07-05T08:21:32.889" >
              <step title="Executing external process" date="2025-07-05T08:21:33.602" type="process" path="starter.sh" arguments="/opt/Kudu/Scripts/absoluteTar.sh /tmp/zipdeploy/extracted/node_modules /tmp/zipdeploy/extracted/node_modules.tar.gz" >
                <step title="Cpu: gzip(1483,29.830s)+sh(1482,0.000s)+tar(1481,2.280s)+absoluteTar.sh(1480,0.030s)=total(32.140s)" date="2025-07-05T08:22:34.377" /><!-- duration: 93ms -->
                <step title="starter.sh: no io activity for 61s, prev-cpu=-1.000s, current-cpu=32.140s" date="2025-07-05T08:22:34.508" /><!-- duration: 43ms -->
                <step title="Cpu: gzip(1483,72.820s)+sh(1482,0.000s)+tar(1481,3.960s)+absoluteTar.sh(1480,0.030s)=total(76.810s)" date="2025-07-05T08:23:35.014" /><!-- duration: 33ms -->
                <step title="starter.sh: no io activity for 121s, prev-cpu=32.140s, current-cpu=76.810s" date="2025-07-05T08:23:35.105" /><!-- duration: 20ms -->
              </step><!-- duration: 131914ms -->
              <step title="Executing external process" date="2025-07-05T08:23:45.897" type="process" path="starter.sh" arguments="/opt/Kudu/Scripts/parallel_rsync.sh /tmp/zipdeploy/extracted /home/site/wwwroot 8 /tmp/ False False node_modules " /><!-- duration: 17351ms -->
              <step title="Modified file to trigger a restart of the app container." date="2025-07-05T08:24:04.888" /><!-- duration: 8ms -->
              <step title="Skip function trigger and logicapp sync because function is not enabled." date="2025-07-05T08:24:04.908" /><!-- duration: 10ms -->
            </step><!-- duration: 152796ms -->
          </step><!-- duration: 153039ms -->
          <step title="Cleaning up temp files" date="2025-07-05T08:24:05.706" /><!-- duration: 12ms -->
          <step title="Cleaning up temp files" date="2025-07-05T08:24:05.729" /><!-- duration: 520ms -->
          <step title="Reloading status file with latest updates" date="2025-07-05T08:24:06.291" >
            <step title="WebHooksManager.PublishEventAsync: PostDeployment" date="2025-07-05T08:24:06.305" /><!-- duration: 124ms -->
          </step><!-- duration: 148ms -->
          <step title="Cleaning up temporary deployment - fetch deployment was successful" date="2025-07-05T08:24:06.464" /><!-- duration: 8ms -->
        </step><!-- duration: 154051ms -->
      </step><!-- duration: 155928ms -->
