<step title="Incoming Request" date="2025-07-05T09:14:06.132" instance="1e8efd" url="/api/deployments/latest?deployer=OneDeploy&amp;time=2025-07-05_09-11-57Z" method="GET" type="request" pid="767,1,16" Host="chatbot-app-new-g6f0csebbndkajgn.scm.japaneast-01.azurewebsites.net" User-Agent="GITHUBACTIONS_DeployWebAppToAzure_a0df8406eba08ee99bc38a6d5057acdb099dc770371e38ab0add4e46d3f0b63d" Authorization="Bea..." Content-Type="application/json; charset=utf-8" Cookie="ARRAffinity=1e8efd81b4645970fd27ae231faa7a976d2adeebc5d7764486e814ccf9926957;Path=/;HttpOnly;Secure;Domain=chatbot-app-new-g6f0csebbndkajgn.scm.japaneast-01.azurewebsites.net; ARRAffinitySameSite=1e8efd81b4645970fd27ae231faa7a976d2adeebc5d7764486e814ccf9926957;Path=/;HttpOnly;SameSite=None;Secure;Domain=chatbot-app-new-g6f0csebbndkajgn.scm.japaneast-01.azurewebsites.net" Content-Length="0" X-ARR-LOG-ID="cd6a1bf2-dfdd-4d69-8872-dac1e974d7db" CLIENT-IP="20.42.14.132:50177" X-SITE-DEPLOYMENT-ID="chatbot-app-new" WAS-DEFAULT-HOSTNAME="chatbot-app-new-g6f0csebbndkajgn.scm.japaneast-01.azurewebsites.net" X-Forwarded-Proto="https" X-AppService-Proto="https" X-Forwarded-TlsVersion="1.3" X-WAWS-Unencoded-URL="/api/deployments/latest?deployer=OneDeploy&amp;time=2025-07-05_09-11-57Z" X-Client-IP="20.42.14.132" X-Client-Port="50177" >
  <step title="Cleanup Xml Logs" date="2025-07-05T09:14:06.162" >
    <step title="Cleanup Infos" date="2025-07-05T09:14:06.232" totalFiles="325" totalCleanup="165" /><!-- duration: 22ms -->
  </step><!-- duration: 111ms -->
  <step title="DeploymentService.GetResult" date="2025-07-05T09:14:06.305" >
    <step title="DeploymentService.GetLatestDeployment" date="2025-07-05T09:14:06.323" >
      <step title="DeploymentManager.GetResults" date="2025-07-05T09:14:06.335" /><!-- duration: 876ms -->
    </step><!-- duration: 946ms -->
  </step><!-- duration: 983ms -->
  <step title="Outgoing response" date="2025-07-05T09:14:07.319" type="response" statusCode="202" statusText="Accepted" /><!-- duration: 12ms -->
</step><!-- duration: 1217ms -->
