<step title="BackgroundTrace" date="2025-07-05T09:11:57.303" instance="1e8efd" url="/api/publish" method="POST" >
  <step title="Cleanup Xml Logs" date="2025-07-05T09:11:57.323" >
    <step title="Cleanup Infos" date="2025-07-05T09:11:57.373" totalFiles="306" totalCleanup="146" /><!-- duration: 13ms -->
  </step><!-- duration: 71ms -->
  <step title="Creating temporary deployment - FetchDeploymentManager" date="2025-07-05T09:11:57.558" /><!-- duration: 7ms -->
  <step title="Creating temporary deployment" date="2025-07-05T09:11:57.576" /><!-- duration: 124ms -->
  <step title="Performing fetch based deployment" date="2025-07-05T09:11:57.775" >
    <step title="Cleaning up temp folders from previous zip deployments and extracting pushed zip file /tmp/zipdeploy/3c816d80-bfa8-465c-957e-862ded996110.zip (316.36 MB) to /tmp/zipdeploy/extracted" date="2025-07-05T09:11:59.055" >
      <step title="ChmodRecursive Process exited with total time taken in ms: 297" date="2025-07-05T09:13:08.570" /><!-- duration: 14ms -->
    </step><!-- duration: 69554ms -->
    <step title="Deployment timer started" date="2025-07-05T09:13:10.670" >
      <step title="DeploymentManager.Deploy(id:f5b6de36-c230-4f0f-868e-7434a477da31)" date="2025-07-05T09:13:10.699" >
        <step title="Collecting changeset information" date="2025-07-05T09:13:10.769" /><!-- duration: 112ms -->
        <step title="Updating submodules" date="2025-07-05T09:13:10.892" /><!-- duration: 1125ms -->
        <step title="Determining deployment builder" date="2025-07-05T09:13:12.259" >
          <step title="Builder is OneDeployBuilder" date="2025-07-05T09:13:12.296" /><!-- duration: 13ms -->
        </step><!-- duration: 54ms -->
        <step title="PreDeployment: context.CleanOutputPath False" date="2025-07-05T09:13:12.381" >
          <step title="PreDeployment: context.OutputPath /home/site/wwwroot" date="2025-07-05T09:13:12.505" >
            <step title="Building" date="2025-07-05T09:13:12.653" >
              <step title="Executing external process" date="2025-07-05T09:13:13.466" type="process" path="starter.sh" arguments="/opt/Kudu/Scripts/absoluteTar.sh /tmp/zipdeploy/extracted/node_modules /tmp/zipdeploy/extracted/node_modules.tar.gz" >
                <step title="Cpu: gzip(999,41.720s)+sh(998,0.000s)+tar(997,2.630s)+absoluteTar.sh(996,0.020s)=total(44.370s)" date="2025-07-05T09:14:14.533" /><!-- duration: 52ms -->
                <step title="starter.sh: no io activity for 61s, prev-cpu=-1.000s, current-cpu=44.370s" date="2025-07-05T09:14:14.635" /><!-- duration: 38ms -->
              </step><!-- duration: 113184ms -->
              <step title="Executing external process" date="2025-07-05T09:15:07.029" type="process" path="starter.sh" arguments="/opt/Kudu/Scripts/parallel_rsync.sh /tmp/zipdeploy/extracted /home/site/wwwroot 8 /tmp/ False False node_modules " /><!-- duration: 17745ms -->
              <step title="Modified file to trigger a restart of the app container." date="2025-07-05T09:15:25.672" /><!-- duration: 5ms -->
              <step title="Skip function trigger and logicapp sync because function is not enabled." date="2025-07-05T09:15:25.712" /><!-- duration: 11ms -->
            </step><!-- duration: 134142ms -->
          </step><!-- duration: 134307ms -->
          <step title="Cleaning up temp files" date="2025-07-05T09:15:26.833" /><!-- duration: 20ms -->
          <step title="Cleaning up temp files" date="2025-07-05T09:15:26.878" /><!-- duration: 513ms -->
          <step title="Reloading status file with latest updates" date="2025-07-05T09:15:27.446" >
            <step title="WebHooksManager.PublishEventAsync: PostDeployment" date="2025-07-05T09:15:27.460" /><!-- duration: 241ms -->
          </step><!-- duration: 266ms -->
          <step title="Cleaning up temporary deployment - fetch deployment was successful" date="2025-07-05T09:15:27.765" /><!-- duration: 8ms -->
        </step><!-- duration: 135500ms -->
      </step><!-- duration: 137213ms -->
