﻿<?xml version="1.0" encoding="utf-8"?>
<deployment>
  <id>c110a03855478c3a0a258052c0ac61d31311a5cb1752173206327</id>
  <author>Ayumu277</author>
  <deployer>GitHub</deployer>
  <authorEmail />
  <message>{"type":"Deployment","sha":"c110a03855478c3a0a258052c0ac61d31311a5cb","repoName":"Ayumu277/first-chatbot","actor":"Ayumu277","slotName":"production"}</message>
  <progress />
  <status>Success</status>
  <statusText />
  <lastSuccessEndTime>2025-07-10T18:46:47.7713013Z</lastSuccessEndTime>
  <receivedTime>2025-07-10T18:46:47.7713013Z</receivedTime>
  <startTime>2025-07-10T18:46:47.7713013Z</startTime>
  <endTime>2025-07-10T18:46:47.7713013Z</endTime>
  <complete>True</complete>
  <is_temp>False</is_temp>
  <is_readonly>True</is_readonly>
  <buildSummary />
</deployment>