﻿<?xml version="1.0" encoding="utf-8"?>
<deployment>
  <id>804bfabc-9dd6-499b-8ace-a3abac6d9bb7</id>
  <author>N/A</author>
  <deployer>OneDeploy</deployer>
  <authorEmail>N/A</authorEmail>
  <message>OneDeploy</message>
  <progress></progress>
  <status>Success</status>
  <statusText></statusText>
  <lastSuccessEndTime>2025-07-05T10:17:07.7464452Z</lastSuccessEndTime>
  <receivedTime>2025-07-05T10:13:56.6314344Z</receivedTime>
  <startTime>2025-07-05T10:13:57.978195Z</startTime>
  <endTime>2025-07-05T10:17:07.7464452Z</endTime>
  <complete>True</complete>
  <is_temp>False</is_temp>
  <is_readonly>True</is_readonly>
  <buildSummary />
</deployment>