﻿<?xml version="1.0" encoding="utf-8"?>
<deployment>
  <id>4b7c98732d73ed7e0ae1b9ce8081facf04deefc01752060333190</id>
  <author>Ayumu277</author>
  <deployer>GitHub</deployer>
  <authorEmail />
  <message>{"type":"Deployment","sha":"4b7c98732d73ed7e0ae1b9ce8081facf04deefc0","repoName":"Ayumu277/first-chatbot","actor":"Ayumu277","slotName":"production"}</message>
  <progress />
  <status>Success</status>
  <statusText />
  <lastSuccessEndTime>2025-07-09T11:26:20.6164996Z</lastSuccessEndTime>
  <receivedTime>2025-07-09T11:26:20.6164996Z</receivedTime>
  <startTime>2025-07-09T11:26:20.6164996Z</startTime>
  <endTime>2025-07-09T11:26:20.6164996Z</endTime>
  <complete>True</complete>
  <is_temp>False</is_temp>
  <is_readonly>True</is_readonly>
  <buildSummary />
</deployment>