﻿<?xml version="1.0" encoding="utf-8"?>
<deployment>
  <id>1912c98ee8c3e42c50dbd8ed0ec7a6795ea737311752171239014</id>
  <author>Ayumu277</author>
  <deployer>GitHub</deployer>
  <authorEmail />
  <message>{"type":"Deployment","sha":"1912c98ee8c3e42c50dbd8ed0ec7a6795ea73731","repoName":"Ayumu277/first-chatbot","actor":"Ayumu277","slotName":"production"}</message>
  <progress />
  <status>Success</status>
  <statusText />
  <lastSuccessEndTime>2025-07-10T18:14:01.2466004Z</lastSuccessEndTime>
  <receivedTime>2025-07-10T18:14:01.2466004Z</receivedTime>
  <startTime>2025-07-10T18:14:01.2466004Z</startTime>
  <endTime>2025-07-10T18:14:01.2466004Z</endTime>
  <complete>True</complete>
  <is_temp>False</is_temp>
  <is_readonly>True</is_readonly>
  <buildSummary />
</deployment>