﻿<?xml version="1.0" encoding="utf-8"?>
<deployment>
  <id>92aa395e-f012-40e6-9c04-6d7763328ca4</id>
  <author>N/A</author>
  <deployer>OneDeploy</deployer>
  <authorEmail>N/A</authorEmail>
  <message>OneDeploy</message>
  <progress></progress>
  <status>Success</status>
  <statusText></statusText>
  <lastSuccessEndTime>2025-07-05T11:14:38.8028583Z</lastSuccessEndTime>
  <receivedTime>2025-07-05T11:11:07.7374436Z</receivedTime>
  <startTime>2025-07-05T11:11:09.1386818Z</startTime>
  <endTime>2025-07-05T11:14:38.8028583Z</endTime>
  <complete>True</complete>
  <is_temp>False</is_temp>
  <is_readonly>True</is_readonly>
  <buildSummary />
</deployment>