﻿<?xml version="1.0" encoding="utf-8"?>
<deployment>
  <id>fb398f08-3c58-409b-a666-fce438853d19</id>
  <author>N/A</author>
  <deployer>OneDeploy</deployer>
  <authorEmail>N/A</authorEmail>
  <message>OneDeploy</message>
  <progress></progress>
  <status>Success</status>
  <statusText></statusText>
  <lastSuccessEndTime>2025-07-05T09:58:54.5929318Z</lastSuccessEndTime>
  <receivedTime>2025-07-05T09:55:17.7353963Z</receivedTime>
  <startTime>2025-07-05T09:55:19.1177627Z</startTime>
  <endTime>2025-07-05T09:58:54.5929318Z</endTime>
  <complete>True</complete>
  <is_temp>False</is_temp>
  <is_readonly>True</is_readonly>
  <buildSummary />
</deployment>