﻿<?xml version="1.0" encoding="utf-8"?>
<deployment>
  <id>0a6f903a521ffd09fb1dbb8f9f0314f1f9c6d5581752169710773</id>
  <author>Ayumu277</author>
  <deployer>GitHub</deployer>
  <authorEmail />
  <message>{"type":"Deployment","sha":"0a6f903a521ffd09fb1dbb8f9f0314f1f9c6d558","repoName":"Ayumu277/first-chatbot","actor":"Ayumu277","slotName":"production"}</message>
  <progress />
  <status>Success</status>
  <statusText />
  <lastSuccessEndTime>2025-07-10T17:48:32.5649714Z</lastSuccessEndTime>
  <receivedTime>2025-07-10T17:48:32.5649714Z</receivedTime>
  <startTime>2025-07-10T17:48:32.5649714Z</startTime>
  <endTime>2025-07-10T17:48:32.5649714Z</endTime>
  <complete>True</complete>
  <is_temp>False</is_temp>
  <is_readonly>True</is_readonly>
  <buildSummary />
</deployment>