﻿<?xml version="1.0" encoding="utf-8"?>
<deployment>
  <id>c93d4f79-0ed2-4c6c-8694-787d47e00adb</id>
  <author>N/A</author>
  <deployer>OneDeploy</deployer>
  <authorEmail>N/A</authorEmail>
  <message>OneDeploy</message>
  <progress></progress>
  <status>Success</status>
  <statusText></statusText>
  <lastSuccessEndTime>2025-07-05T10:36:52.9516795Z</lastSuccessEndTime>
  <receivedTime>2025-07-05T10:33:39.2984419Z</receivedTime>
  <startTime>2025-07-05T10:33:40.7031364Z</startTime>
  <endTime>2025-07-05T10:36:52.9516795Z</endTime>
  <complete>True</complete>
  <is_temp>False</is_temp>
  <is_readonly>True</is_readonly>
  <buildSummary />
</deployment>