﻿<?xml version="1.0" encoding="utf-8"?>
<deployment>
  <id>e49b2265-673b-4474-aa6d-4121ea1691f7</id>
  <author>N/A</author>
  <deployer>OneDeploy</deployer>
  <authorEmail>N/A</authorEmail>
  <message>OneDeploy</message>
  <progress></progress>
  <status>Success</status>
  <statusText></statusText>
  <lastSuccessEndTime>2025-07-05T10:57:08.6003272Z</lastSuccessEndTime>
  <receivedTime>2025-07-05T10:53:39.064057Z</receivedTime>
  <startTime>2025-07-05T10:53:40.48727Z</startTime>
  <endTime>2025-07-05T10:57:08.6003272Z</endTime>
  <complete>True</complete>
  <is_temp>False</is_temp>
  <is_readonly>True</is_readonly>
  <buildSummary />
</deployment>