﻿<?xml version="1.0" encoding="utf-8"?>
<deployment>
  <id>4567ed435dfd6eaf1b1dcf5810050d15bd16cb1b1752174224933</id>
  <author>Ayumu277</author>
  <deployer>GitHub</deployer>
  <authorEmail />
  <message>{"type":"Deployment","sha":"4567ed435dfd6eaf1b1dcf5810050d15bd16cb1b","repoName":"Ayumu277/first-chatbot","actor":"Ayumu277","slotName":"production"}</message>
  <progress />
  <status>Success</status>
  <statusText />
  <lastSuccessEndTime>2025-07-10T19:03:46.6138267Z</lastSuccessEndTime>
  <receivedTime>2025-07-10T19:03:46.6138267Z</receivedTime>
  <startTime>2025-07-10T19:03:46.6138267Z</startTime>
  <endTime>2025-07-10T19:03:46.6138267Z</endTime>
  <complete>True</complete>
  <is_temp>False</is_temp>
  <is_readonly>True</is_readonly>
  <buildSummary />
</deployment>