﻿<?xml version="1.0" encoding="utf-8"?>
<deployment>
  <id>69e666c846b4ea87d2f44667dc0c25e166c2c5b21752146253909</id>
  <author>Ayumu277</author>
  <deployer>GitHub</deployer>
  <authorEmail />
  <message>{"type":"Deployment","sha":"69e666c846b4ea87d2f44667dc0c25e166c2c5b2","repoName":"Ayumu277/first-chatbot","actor":"Ayumu277","slotName":"production"}</message>
  <progress />
  <status>Success</status>
  <statusText />
  <lastSuccessEndTime>2025-07-10T11:17:35.9737133Z</lastSuccessEndTime>
  <receivedTime>2025-07-10T11:17:35.9737133Z</receivedTime>
  <startTime>2025-07-10T11:17:35.9737133Z</startTime>
  <endTime>2025-07-10T11:17:35.9737133Z</endTime>
  <complete>True</complete>
  <is_temp>False</is_temp>
  <is_readonly>True</is_readonly>
  <buildSummary />
</deployment>