﻿<?xml version="1.0" encoding="utf-8"?>
<deployment>
  <id>9c2635a5-58d0-4960-8bc1-6a4d3773529d</id>
  <author>N/A</author>
  <deployer>OneDeploy</deployer>
  <authorEmail>N/A</authorEmail>
  <message>OneDeploy</message>
  <progress></progress>
  <status>Success</status>
  <statusText></statusText>
  <lastSuccessEndTime>2025-07-05T11:48:42.7149959Z</lastSuccessEndTime>
  <receivedTime>2025-07-05T11:45:36.1758551Z</receivedTime>
  <startTime>2025-07-05T11:45:37.8577255Z</startTime>
  <endTime>2025-07-05T11:48:42.7149959Z</endTime>
  <complete>True</complete>
  <is_temp>False</is_temp>
  <is_readonly>True</is_readonly>
  <buildSummary />
</deployment>