﻿<?xml version="1.0" encoding="utf-8"?>
<deployment>
  <id>5f4a4db340b6b102eaafaba6d93b1008af0486931752062399217</id>
  <author>Ayumu277</author>
  <deployer>GitHub</deployer>
  <authorEmail />
  <message>{"type":"Deployment","sha":"5f4a4db340b6b102eaafaba6d93b1008af048693","repoName":"Ayumu277/first-chatbot","actor":"Ayumu277","slotName":"production"}</message>
  <progress />
  <status>Success</status>
  <statusText />
  <lastSuccessEndTime>2025-07-09T12:00:02.6224845Z</lastSuccessEndTime>
  <receivedTime>2025-07-09T12:00:02.6224845Z</receivedTime>
  <startTime>2025-07-09T12:00:02.6224845Z</startTime>
  <endTime>2025-07-09T12:00:02.6224845Z</endTime>
  <complete>True</complete>
  <is_temp>False</is_temp>
  <is_readonly>True</is_readonly>
  <buildSummary />
</deployment>