﻿<?xml version="1.0" encoding="utf-8"?>
<deployment>
  <id>34fbe63b8e1d8294a282097a17749dea42856d361752145988219</id>
  <author>Ayumu277</author>
  <deployer>GitHub</deployer>
  <authorEmail />
  <message>{"type":"Deployment","sha":"34fbe63b8e1d8294a282097a17749dea42856d36","repoName":"Ayumu277/first-chatbot","actor":"Ayumu277","slotName":"production"}</message>
  <progress />
  <status>Success</status>
  <statusText />
  <lastSuccessEndTime>2025-07-10T11:13:10.1863403Z</lastSuccessEndTime>
  <receivedTime>2025-07-10T11:13:10.1863403Z</receivedTime>
  <startTime>2025-07-10T11:13:10.1863403Z</startTime>
  <endTime>2025-07-10T11:13:10.1863403Z</endTime>
  <complete>True</complete>
  <is_temp>False</is_temp>
  <is_readonly>True</is_readonly>
  <buildSummary />
</deployment>