﻿<?xml version="1.0" encoding="utf-8"?>
<deployment>
  <id>121df18437122ec44a7d7b08f1cc52c883c5d11e1752173341770</id>
  <author>Ayumu277</author>
  <deployer>GitHub</deployer>
  <authorEmail />
  <message>{"type":"Deployment","sha":"121df18437122ec44a7d7b08f1cc52c883c5d11e","repoName":"Ayumu277/first-chatbot","actor":"Ayumu277","slotName":"production"}</message>
  <progress />
  <status>Success</status>
  <statusText />
  <lastSuccessEndTime>2025-07-10T18:49:46.8906251Z</lastSuccessEndTime>
  <receivedTime>2025-07-10T18:49:46.8906251Z</receivedTime>
  <startTime>2025-07-10T18:49:46.8906251Z</startTime>
  <endTime>2025-07-10T18:49:46.8906251Z</endTime>
  <complete>True</complete>
  <is_temp>False</is_temp>
  <is_readonly>True</is_readonly>
  <buildSummary />
</deployment>